test,sample,reference_real,reference_imag,rtl_real,rtl_imag
0,0,0.5,0,0.5,0
0,1,0,0,0,0
0,2,0,0,0,0
0,3,0,0,0,0
0,4,0,0,0,0
0,5,0,0,0,0
0,6,0,0,0,0
0,7,0,0,0,0
0,8,0,0,0,0
0,9,0,0,0,0
0,10,0,0,0,0
0,11,0,0,0,0
0,12,0,0,0,0
0,13,0,0,0,0
0,14,0,0,0,0
0,15,0,0,0,0
0,16,0,0,0,0
0,17,0,0,0,0
0,18,0,0,0,0
0,19,0,0,0,0
0,20,0,0,0,0
0,21,0,0,0,0
0,22,0,0,0,0
0,23,0,0,0,0
0,24,0,0,0,0
0,25,0,0,0,0
0,26,0,0,0,0
0,27,0,0,0,0
0,28,0,0,0,0
0,29,0,0,0,0
0,30,0,0,0,0
0,31,0,0,0,0
0,32,0,0,0,0
0,33,0,0,0,0
0,34,0,0,0,0
0,35,0,0,0,0
0,36,0,0,0,0
0,37,0,0,0,0
0,38,0,0,0,0
0,39,0,0,0,0
0,40,0,0,0,0
0,41,0,0,0,0
0,42,0,0,0,0
0,43,0,0,0,0
0,44,0,0,0,0
0,45,0,0,0,0
0,46,0,0,0,0
0,47,0,0,0,0
0,48,0,0,0,0
0,49,0,0,0,0
0,50,0,0,0,0
0,51,0,0,0,0
0,52,0,0,0,0
0,53,0,0,0,0
0,54,0,0,0,0
0,55,0,0,0,0
0,56,0,0,0,0
0,57,0,0,0,0
0,58,0,0,0,0
0,59,0,0,0,0
0,60,0,0,0,0
0,61,0,0,0,0
0,62,0,0,0,0
0,63,0,0,0,0
1,0,0.125,-0.0625,0.125,-0.0625
1,1,0,0,0,0
1,2,0,0,0,0
1,3,0,0,0,0
1,4,0,0,0,0
1,5,0,0,0,0
1,6,0,0,0,0
1,7,0,0,0,0
1,8,0,0,0,0
1,9,0,0,0,0
1,10,0,0,0,0
1,11,0,0,0,0
1,12,0,0,0,0
1,13,0,0,0,0
1,14,0,0,0,0
1,15,0,0,0,0
1,16,0,0,0,0
1,17,0,0,0,0
1,18,0,0,0,0
1,19,0,0,0,0
1,20,0,0,0,0
1,21,0,0,0,0
1,22,0,0,0,0
1,23,0,0,0,0
1,24,0,0,0,0
1,25,0,0,0,0
1,26,0,0,0,0
1,27,0,0,0,0
1,28,0,0,0,0
1,29,0,0,0,0
1,30,0,0,0,0
1,31,0,0,0,0
1,32,0,0,0,0
1,33,0,0,0,0
1,34,0,0,0,0
1,35,0,0,0,0
1,36,0,0,0,0
1,37,0,0,0,0
1,38,0,0,0,0
1,39,0,0,0,0
1,40,0,0,0,0
1,41,0,0,0,0
1,42,0,0,0,0
1,43,0,0,0,0
1,44,0,0,0,0
1,45,0,0,0,0
1,46,0,0,0,0
1,47,0,0,0,0
1,48,0,0,0,0
1,49,0,0,0,0
1,50,0,0,0,0
1,51,0,0,0,0
1,52,0,0,0,0
1,53,0,0,0,0
1,54,0,0,0,0
1,55,0,0,0,0
1,56,0,0,0,0
1,57,0,0,0,0
1,58,0,0,0,0
1,59,0,0,0,0
1,60,0,0,0,0
1,61,0,0,0,0
1,62,0,0,0,0
1,63,0,0,0,0
2,0,0.0155029296875,0.00390625,0.0078125,0
2,1,0.00950582793992,0.0128545265621,0.0078125,0.0078125
2,2,-0.000806720956647,0.015967116811,-0.0078125,0.015625
2,3,-0.0107530354048,0.0118309698479,-0.015625,0.0078125
2,4,-0.0158176965899,0.00232380992065,-0.0234375,0
2,5,-0.0137014542195,-0.00823831112729,-0.015625,-0.015625
2,6,-0.00536503808591,-0.0150604111596,-0.0078125,-0.015625
2,7,0.00540699317326,-0.0150453993893,0,-0.015625
2,8,0.0137243625743,-0.00820009084628,0.0078125,-0.015625
2,9,0.0158111582981,0.00236788750386,0.015625,0
2,10,0.0107200187141,0.011860894432,0.0078125,0.0078125
2,11,0.000762214754381,0.0159693032605,0,0.015625
2,12,-0.0095416187684,0.0128279822746,-0.015625,0.0078125
2,13,-0.0155137568543,0.00386302552707,-0.015625,0
2,14,-0.0144429736703,-0.0068556640465,-0.015625,-0.0078125
2,15,-0.00681538239516,-0.0144620254724,-0.0078125,-0.015625
2,16,0.00390625,-0.0155029296875,0,-0.015625
2,17,0.0128545265621,-0.00950582793992,0.0078125,-0.015625
2,18,0.015967116811,0.000806720956647,0.015625,0
2,19,0.0118309698479,0.0107530354048,0.0078125,0.0078125
2,20,0.00232380992065,0.0158176965899,0,0.015625
2,21,-0.00823831112729,0.0137014542195,-0.015625,0.0078125
2,22,-0.0150604111596,0.00536503808591,-0.015625,0
2,23,-0.0150453993893,-0.00540699317326,-0.015625,-0.0078125
2,24,-0.00820009084628,-0.0137243625743,-0.015625,-0.015625
2,25,0.00236788750386,-0.0158111582981,0,-0.0234375
2,26,0.011860894432,-0.0107200187141,0.0078125,-0.015625
2,27,0.0159693032605,-0.000762214754381,0.015625,-0.0078125
2,28,0.0128279822746,0.0095416187684,0.0078125,0.0078125
2,29,0.00386302552707,0.0155137568543,0,0.0078125
2,30,-0.0068556640465,0.0144429736703,-0.0078125,0.0078125
2,31,-0.0144620254724,0.00681538239516,-0.015625,0
2,32,-0.0155029296875,-0.00390625,-0.015625,-0.0078125
2,33,-0.00950582793992,-0.0128545265621,-0.015625,-0.015625
2,34,0.000806720956647,-0.015967116811,0,-0.0234375
2,35,0.0107530354048,-0.0118309698479,0.0078125,-0.015625
2,36,0.0158176965899,-0.00232380992065,0.015625,-0.0078125
2,37,0.0137014542195,0.00823831112729,0.0078125,0.0078125
2,38,0.00536503808591,0.0150604111596,0,0.0078125
2,39,-0.00540699317326,0.0150453993893,-0.0078125,0.0078125
2,40,-0.0137243625743,0.00820009084628,-0.015625,0.0078125
2,41,-0.0158111582981,-0.00236788750386,-0.0234375,-0.0078125
2,42,-0.0107200187141,-0.011860894432,-0.015625,-0.015625
2,43,-0.000762214754381,-0.0159693032605,-0.0078125,-0.0234375
2,44,0.0095416187684,-0.0128279822746,0.0078125,-0.015625
2,45,0.0155137568543,-0.00386302552707,0.0078125,-0.0078125
2,46,0.0144429736703,0.0068556640465,0.0078125,0
2,47,0.00681538239516,0.0144620254724,0,0.0078125
2,48,-0.00390625,0.0155029296875,-0.0078125,0.0078125
2,49,-0.0128545265621,0.00950582793992,-0.015625,0.0078125
2,50,-0.015967116811,-0.000806720956647,-0.0234375,-0.0078125
2,51,-0.0118309698479,-0.0107530354048,-0.015625,-0.015625
2,52,-0.00232380992065,-0.0158176965899,-0.0078125,-0.0234375
2,53,0.00823831112729,-0.0137014542195,0.0078125,-0.015625
2,54,0.0150604111596,-0.00536503808591,0.0078125,-0.0078125
2,55,0.0150453993893,0.00540699317326,0.0078125,0
2,56,0.00820009084628,0.0137243625743,0.0078125,0.0078125
2,57,-0.00236788750386,0.0158111582981,-0.0078125,0.015625
2,58,-0.011860894432,0.0107200187141,-0.015625,0.0078125
2,59,-0.0159693032605,0.000762214754381,-0.0234375,0
2,60,-0.0128279822746,-0.0095416187684,-0.015625,-0.015625
2,61,-0.00386302552707,-0.0155137568543,-0.0078125,-0.015625
2,62,0.0068556640465,-0.0144429736703,0,-0.015625
2,63,0.0144620254724,-0.00681538239516,0.0078125,-0.0078125
3,0,0.1474609375,0.0906982421875,0.140625,0.0859375
3,1,0.0374664595397,-0.0416762898957,0.03125,-0.046875
3,2,-0.105939622903,-0.0374564144791,-0.109375,-0.0390625
3,3,-0.14373402988,-0.010410528223,-0.1484375,-0.015625
3,4,0.122522735211,0.040234568877,0.1171875,0.0390625
3,5,-0.000778424225352,-0.0369699339441,-0.0078125,-0.0390625
3,6,-0.0729124046349,-0.0373466232961,-0.078125,-0.0390625
3,7,0.0563613138701,-0.0360689954335,0.0546875,-0.0390625
3,8,0.16033349841,0.0182690201224,0.15625,0.015625
3,9,-0.00505513659029,0.060179234939,-0.0078125,0.0546875
3,10,0.06726476341,-0.000460123801002,0.0625,-0.0078125
3,11,0.0702464810954,-0.0100188587502,0.0703125,-0.015625
3,12,0.0528404078126,-0.00529535325613,0.046875,-0.0078125
3,13,-0.0127223196808,-0.0400338076956,-0.015625,-0.046875
3,14,0.0787142237786,-0.0608070375122,0.078125,-0.0625
3,15,-0.102860531489,-0.0489348386801,-0.109375,-0.0546875
3,16,0.06201171875,0.0267333984375,0.0546875,0.0234375
3,17,0.00297651951146,0.122766940727,0,0.1171875
3,18,0.064056844052,0.0715407164937,0.0625,0.0703125
3,19,0.0285960184497,0.0984582167304,0.0234375,0.09375
3,20,-0.0805167670476,0.082211869844,-0.0859375,0.078125
3,21,0.0510184736694,-0.0539796810665,0.046875,-0.0546875
3,22,0.015902953023,0.0844814125262,0.015625,0.078125
3,23,-0.0259198638663,-0.123298769311,-0.03125,-0.125
3,24,0.0279432155388,0.0970237214181,0.0234375,0.09375
3,25,-0.0696225767115,0.0575366887897,-0.0703125,0.0546875
3,26,0.0631377880459,0.0670061762705,0.0625,0.0625
3,27,0.107874155324,-0.104738948189,0.1015625,-0.109375
3,28,0.00630817042488,-0.0724863031168,0,-0.078125
3,29,-0.120503103526,0.0529753881237,-0.125,0.046875
3,30,-0.0817064213926,-0.0150251379661,-0.0859375,-0.015625
3,31,0.0323369863071,-0.00149261975183,0.03125,-0.0078125
3,32,-0.066650390625,0.0352783203125,-0.0703125,0.03125
3,33,0.0166142988006,0.0861833094737,0.015625,0.0859375
3,34,0.120275669797,-0.070615762719,0.1171875,-0.078125
3,35,0.0300595335081,-0.000923631354355,0.0234375,-0.0078125
3,36,0.111531834367,-0.0341860817541,0.109375,-0.0390625
3,37,-0.0311365887651,0.0400626519858,-0.03125,0.0390625
3,38,0.0312457054243,0.0282044761437,0.0234375,0.0234375
3,39,-0.0548870541753,-0.0704468965334,-0.0625,-0.078125
3,40,-0.0692690452854,0.0994067611276,-0.0703125,0.09375
3,41,0.00453360798436,0.151072562696,0,0.1484375
3,42,0.0639982461452,0.0544785130738,0.0625,0.046875
3,43,-0.00457942478161,0.16518237707,-0.0078125,0.1640625
3,44,0.0899129664046,0.0326904325634,0.0859375,0.03125
3,45,0.000108813942642,-0.0832458975059,0,-0.0859375
3,46,0.025307301626,-0.0175366895754,0.0234375,-0.0234375
3,47,0.022096448191,-0.0608689430645,0.015625,-0.0625
3,48,-0.056396484375,-0.0228271484375,-0.0625,-0.0234375
3,49,0.0500495832794,0.0866838265269,0.046875,0.0859375
3,50,0.0211250106557,0.0121156543872,0.015625,0.0078125
3,51,0.0444185951869,0.0338501214052,0.0390625,0.03125
3,52,-0.0783424900301,-0.045779888217,-0.0859375,-0.046875
3,53,0.0632689147867,0.0398475713644,0.0625,0.0390625
3,54,-0.00176120679365,0.0271762812616,-0.0078125,0.0234375
3,55,-0.0451509129836,-0.00562544284999,-0.046875,-0.0078125
3,56,-0.125355324914,0.0479958098319,-0.1328125,0.046875
3,57,0.0857440836546,-0.217565982868,0.0859375,-0.21875
3,58,0.0107688007981,-0.0770775092261,0.0078125,-0.078125
3,59,0.0316908012746,-0.101419308952,0.03125,-0.1015625
3,60,0.0335556428579,-0.0755142449405,0.03125,-0.078125
3,61,-0.0309469806697,0.0163977933496,-0.03125,0.015625
3,62,0.0931004739692,-0.0423498065818,0.09375,-0.046875
3,63,0.0257171089701,-0.0611335591129,0.0234375,-0.0625
4,0,-0.0546875,-0.0408935546875,-0.0546875,-0.046875
4,1,-0.128707590505,0.120686170297,-0.1328125,0.1171875
4,2,0.102808812014,-0.0545115978387,0.1015625,-0.0625
4,3,0.0131290215542,0.0444634344539,0.0078125,0.0390625
4,4,-0.0642696607302,-0.0370789169221,-0.0703125,-0.0390625
4,5,-0.079059168497,0.156852385153,-0.0859375,0.15625
4,6,0.057563647049,-0.108833896294,0.0546875,-0.109375
4,7,-0.108134731338,0.0034440015406,-0.109375,0
4,8,0.0657410505136,0.0349015097097,0.0625,0.03125
4,9,-0.0925809726194,-0.072175337978,-0.09375,-0.078125
4,10,-0.0428995829474,-0.0870283241773,-0.046875,-0.09375
4,11,-0.033197612055,-0.0199885435646,-0.0390625,-0.0234375
4,12,-0.0060922251044,-0.0621443641197,-0.0078125,-0.0625
4,13,0.00440960663828,0.0751004821956,0,0.0703125
4,14,-0.0572466343321,0.0191290699958,-0.0625,0.015625
4,15,0.0846958652319,-0.0784007367631,0.078125,-0.0859375
4,16,0.0794677734375,0.073974609375,0.078125,0.0703125
4,17,-0.051708515463,-0.0353980389216,-0.0546875,-0.0390625
4,18,-0.0111169790397,0.0271018456801,-0.015625,0.0234375
4,19,-0.0740816457302,0.0376060812783,-0.078125,0.03125
4,20,-0.0594339112136,0.00914285815099,-0.0625,0.0078125
4,21,-0.0325797904501,0.0747963655559,-0.0390625,0.0703125
4,22,-0.011966967693,-0.136834379348,-0.015625,-0.140625
4,23,-0.123647806268,0.137092452227,-0.125,0.1328125
4,24,-0.0431134332862,0.0273776539694,-0.046875,0.0234375
4,25,0.0684660222838,0.0053056071848,0.0625,0
4,26,0.0406161590095,-0.0749365327326,0.0390625,-0.078125
4,27,-0.0468080726903,0.0387989022088,-0.046875,0.0390625
4,28,-0.0542469964526,-0.0244988937788,-0.0546875,-0.03125
4,29,0.022596246689,-0.0486255518384,0.015625,-0.0546875
4,30,0.0686074691646,-0.0679739294293,0.0625,-0.0703125
4,31,0.131352268552,0.0144122335834,0.125,0.0078125
4,32,0.0439453125,0.0506591796875,0.0390625,0.046875
4,33,0.0509278352595,0.0962317692835,0.046875,0.09375
4,34,0.0464383366328,0.0749697811351,0.0390625,0.0703125
4,35,0.0330719566805,0.0438077687116,0.03125,0.0390625
4,36,0.0454192917374,0.110656718446,0.0390625,0.109375
4,37,-0.0156571059185,0.0170659878342,-0.0234375,0.015625
4,38,0.076671211577,0.0106263986199,0.0703125,0.0078125
4,39,0.0783227452613,0.00501755710912,0.078125,0
4,40,0.137383949486,0.0637313027903,0.1328125,0.0625
4,41,0.0122094742054,-0.101199939418,0.0078125,-0.1015625
4,42,0.200710932848,-0.198535683348,0.1953125,-0.203125
4,43,0.00315018152651,0.0915257911008,0,0.0859375
4,44,-0.0676717116607,0.0121200733637,-0.0703125,0.0078125
4,45,-0.0247425351252,-0.0384094330809,-0.03125,-0.0390625
4,46,-0.045589083084,-0.0450268859989,-0.046875,-0.046875
4,47,-0.175253788668,0.0375752261504,-0.1796875,0.03125
4,48,0.0025634765625,0.082275390625,0,0.078125
4,49,0.0720764769561,0.000652678879063,0.0703125,0
4,50,-0.0398723929107,0.110536825845,-0.046875,0.109375
4,51,-0.119156790327,0.0330022800297,-0.125,0.03125
4,52,-0.0657586885436,-0.0412167534252,-0.0703125,-0.046875
4,53,-0.0563246110769,-0.0949461949846,-0.0625,-0.1015625
4,54,0.0380299287086,-0.0717918584869,0.03125,-0.078125
4,55,-0.0397771775833,-0.0286755245282,-0.046875,-0.03125
4,56,-0.0750506292138,-0.0449557789694,-0.078125,-0.046875
4,57,0.0391454694924,0.0119256872664,0.0390625,0.0078125
4,58,0.100775651894,0.0442005604363,0.1015625,0.0390625
4,59,-0.0401869070249,0.025525256992,-0.046875,0.0234375
4,60,0.0357257769677,-0.0206916592152,0.03125,-0.0234375
4,61,0.0337947831302,0.00987173757099,0.03125,0.0078125
4,62,-0.13485863389,0.0100804809418,-0.140625,0.0078125
4,63,0.0278506178786,-0.0512218055297,0.0234375,-0.0546875
