test,bin,rtl_i_code,rtl_q_code,rtl_i_saturated,rtl_q_saturated,numpy_i,numpy_q
0,0,64,0,64,0,0.5,0.0
0,1,64,0,64,0,0.5,0.0
0,2,64,0,64,0,0.5,0.0
0,3,64,0,64,0,0.5,0.0
0,4,64,0,64,0,0.5,0.0
0,5,64,0,64,0,0.5,0.0
0,6,64,0,64,0,0.5,0.0
0,7,64,0,64,0,0.5,0.0
0,8,64,0,64,0,0.5,0.0
0,9,64,0,64,0,0.5,0.0
0,10,64,0,64,0,0.5,0.0
0,11,64,0,64,0,0.5,0.0
0,12,64,0,64,0,0.5,0.0
0,13,64,0,64,0,0.5,0.0
0,14,64,0,64,0,0.5,0.0
0,15,64,0,64,0,0.5,0.0
0,16,64,0,64,0,0.5,0.0
0,17,64,0,64,0,0.5,0.0
0,18,64,0,64,0,0.5,0.0
0,19,64,0,64,0,0.5,0.0
0,20,64,0,64,0,0.5,0.0
0,21,64,0,64,0,0.5,0.0
0,22,64,0,64,0,0.5,0.0
0,23,64,0,64,0,0.5,0.0
0,24,64,0,64,0,0.5,0.0
0,25,64,0,64,0,0.5,0.0
0,26,64,0,64,0,0.5,0.0
0,27,64,0,64,0,0.5,0.0
0,28,64,0,64,0,0.5,0.0
0,29,64,0,64,0,0.5,0.0
0,30,64,0,64,0,0.5,0.0
0,31,64,0,64,0,0.5,0.0
0,32,64,0,64,0,0.5,0.0
0,33,64,0,64,0,0.5,0.0
0,34,64,0,64,0,0.5,0.0
0,35,64,0,64,0,0.5,0.0
0,36,64,0,64,0,0.5,0.0
0,37,64,0,64,0,0.5,0.0
0,38,64,0,64,0,0.5,0.0
0,39,64,0,64,0,0.5,0.0
0,40,64,0,64,0,0.5,0.0
0,41,64,0,64,0,0.5,0.0
0,42,64,0,64,0,0.5,0.0
0,43,64,0,64,0,0.5,0.0
0,44,64,0,64,0,0.5,0.0
0,45,64,0,64,0,0.5,0.0
0,46,64,0,64,0,0.5,0.0
0,47,64,0,64,0,0.5,0.0
0,48,64,0,64,0,0.5,0.0
0,49,64,0,64,0,0.5,0.0
0,50,64,0,64,0,0.5,0.0
0,51,64,0,64,0,0.5,0.0
0,52,64,0,64,0,0.5,0.0
0,53,64,0,64,0,0.5,0.0
0,54,64,0,64,0,0.5,0.0
0,55,64,0,64,0,0.5,0.0
0,56,64,0,64,0,0.5,0.0
0,57,64,0,64,0,0.5,0.0
0,58,64,0,64,0,0.5,0.0
0,59,64,0,64,0,0.5,0.0
0,60,64,0,64,0,0.5,0.0
0,61,64,0,64,0,0.5,0.0
0,62,64,0,64,0,0.5,0.0
0,63,64,0,64,0,0.5,0.0
0,64,64,0,64,0,0.5,0.0
0,65,64,0,64,0,0.5,0.0
0,66,64,0,64,0,0.5,0.0
0,67,64,0,64,0,0.5,0.0
0,68,64,0,64,0,0.5,0.0
0,69,64,0,64,0,0.5,0.0
0,70,64,0,64,0,0.5,0.0
0,71,64,0,64,0,0.5,0.0
0,72,64,0,64,0,0.5,0.0
0,73,64,0,64,0,0.5,0.0
0,74,64,0,64,0,0.5,0.0
0,75,64,0,64,0,0.5,0.0
0,76,64,0,64,0,0.5,0.0
0,77,64,0,64,0,0.5,0.0
0,78,64,0,64,0,0.5,0.0
0,79,64,0,64,0,0.5,0.0
0,80,64,0,64,0,0.5,0.0
0,81,64,0,64,0,0.5,0.0
0,82,64,0,64,0,0.5,0.0
0,83,64,0,64,0,0.5,0.0
0,84,64,0,64,0,0.5,0.0
0,85,64,0,64,0,0.5,0.0
0,86,64,0,64,0,0.5,0.0
0,87,64,0,64,0,0.5,0.0
0,88,64,0,64,0,0.5,0.0
0,89,64,0,64,0,0.5,0.0
0,90,64,0,64,0,0.5,0.0
0,91,64,0,64,0,0.5,0.0
0,92,64,0,64,0,0.5,0.0
0,93,64,0,64,0,0.5,0.0
0,94,64,0,64,0,0.5,0.0
0,95,64,0,64,0,0.5,0.0
0,96,64,0,64,0,0.5,0.0
0,97,64,0,64,0,0.5,0.0
0,98,64,0,64,0,0.5,0.0
0,99,64,0,64,0,0.5,0.0
0,100,64,0,64,0,0.5,0.0
0,101,64,0,64,0,0.5,0.0
0,102,64,0,64,0,0.5,0.0
0,103,64,0,64,0,0.5,0.0
0,104,64,0,64,0,0.5,0.0
0,105,64,0,64,0,0.5,0.0
0,106,64,0,64,0,0.5,0.0
0,107,64,0,64,0,0.5,0.0
0,108,64,0,64,0,0.5,0.0
0,109,64,0,64,0,0.5,0.0
0,110,64,0,64,0,0.5,0.0
0,111,64,0,64,0,0.5,0.0
0,112,64,0,64,0,0.5,0.0
0,113,64,0,64,0,0.5,0.0
0,114,64,0,64,0,0.5,0.0
0,115,64,0,64,0,0.5,0.0
0,116,64,0,64,0,0.5,0.0
0,117,64,0,64,0,0.5,0.0
0,118,64,0,64,0,0.5,0.0
0,119,64,0,64,0,0.5,0.0
0,120,64,0,64,0,0.5,0.0
0,121,64,0,64,0,0.5,0.0
0,122,64,0,64,0,0.5,0.0
0,123,64,0,64,0,0.5,0.0
0,124,64,0,64,0,0.5,0.0
0,125,64,0,64,0,0.5,0.0
0,126,64,0,64,0,0.5,0.0
0,127,64,0,64,0,0.5,0.0
1,0,0,0,0,0,0.0,0.0
1,1,0,0,0,0,0.0,0.0
1,2,0,0,0,0,0.0,0.0
1,3,-12,-6,-12,-6,0.043224967142109265,2.3418766925686896e-16
1,4,0,0,0,0,0.0,0.0
1,5,0,0,0,0,0.0,0.0
1,6,0,0,0,0,0.0,0.0
1,7,3284,6,127,6,25.575183429471018,-4.3456500202466663e-16
1,8,0,0,0,0,0.0,0.0
1,9,0,0,0,0,0.0,0.0
1,10,0,0,0,0,0.0,0.0
1,11,0,1,0,1,0.06272838087235769,-3.469446951953614e-16
1,12,0,0,0,0,0.0,0.0
1,13,0,0,0,0,0.0,0.0
1,14,0,0,0,0,0.0,0.0
1,15,-9,-2,-9,-2,-0.0417724091306237,1.2054327466618604e-15
1,16,0,0,0,0,0.0,0.0
1,17,0,0,0,0,0.0,0.0
1,18,0,0,0,0,0.0,0.0
1,19,6,0,6,0,0.06471022357293443,5.1795138276045526e-17
1,20,0,0,0,0,0.0,0.0
1,21,0,0,0,0,0.0,0.0
1,22,0,0,0,0,0.0,0.0
1,23,-3,0,-3,0,-0.0006105816505262707,6.375611912989061e-16
1,24,0,0,0,0,0.0,0.0
1,25,0,0,0,0,0.0,0.0
1,26,0,0,0,0,0.0,0.0
1,27,13,-1,13,-1,0.1092400505214497,-1.5888840436504314e-16
1,28,0,0,0,0,0.0,0.0
1,29,0,0,0,0,0.0,0.0
1,30,0,0,0,0,0.0,0.0
1,31,-10,0,-10,0,-0.06788511268015959,4.29815476581326e-16
1,32,0,0,0,0,0.0,0.0
1,33,0,0,0,0,0.0,0.0
1,34,0,0,0,0,0.0,0.0
1,35,-4,0,-4,0,-0.029837036458052198,2.8622937353617317e-16
1,36,0,0,0,0,0.0,0.0
1,37,0,0,0,0,0.0,0.0
1,38,0,0,0,0,0.0,0.0
1,39,16,-2,16,-2,0.12341220099490724,-1.5447880266498233e-15
1,40,0,0,0,0,0.0,0.0
1,41,0,0,0,0,0.0,0.0
1,42,0,0,0,0,0.0,0.0
1,43,-5,0,-5,0,-0.013700336722059472,4.666406150377611e-16
1,44,0,0,0,0,0.0,0.0
1,45,0,0,0,0,0.0,0.0
1,46,0,0,0,0,0.0,0.0
1,47,6,-4,6,-4,0.03530198152371464,-1.81478672381597e-16
1,48,0,0,0,0,0.0,0.0
1,49,0,0,0,0,0.0,0.0
1,50,0,0,0,0,0.0,0.0
1,51,12,-1,12,-1,0.10379286662681131,-1.0759515954868099e-16
1,52,0,0,0,0,0.0,0.0
1,53,0,0,0,0,0.0,0.0
1,54,0,0,0,0,0.0,0.0
1,55,8,-1,8,-1,0.084847446157339,9.524207825395964e-18
1,56,0,0,0,0,0.0,0.0
1,57,0,0,0,0,0.0,0.0
1,58,0,0,0,0,0.0,0.0
1,59,-14,0,-14,0,-0.1058823006346851,-9.807971317645102e-17
1,60,0,0,0,0,0.0,0.0
1,61,0,0,0,0,0.0,0.0
1,62,0,0,0,0,0.0,0.0
1,63,10,-2,10,-2,0.077627210830954,4.019402470767952e-16
1,64,0,0,0,0,0.0,0.0
1,65,0,0,0,0,0.0,0.0
1,66,0,0,0,0,0.0,0.0
1,67,22,2,22,2,0.16637561886372484,9.540979117872439e-17
1,68,0,0,0,0,0.0,0.0
1,69,0,0,0,0,0.0,0.0
1,70,0,0,0,0,0.0,0.0
1,71,-12,-6,-12,-6,-0.05199895096927065,9.524207825395989e-18
1,72,0,0,0,0,0.0,0.0
1,73,0,0,0,0,0.0,0.0
1,74,0,0,0,0,0.0,0.0
1,75,4,-1,4,-1,0.03204173105552682,-2.3592239273284576e-16
1,76,0,0,0,0,0.0,0.0
1,77,0,0,0,0,0.0,0.0
1,78,0,0,0,0,0.0,0.0
1,79,-11,-2,-11,-2,-0.0873390820542163,-9.334812992175428e-16
1,80,0,0,0,0,0.0,0.0
1,81,0,0,0,0,0.0,0.0
1,82,0,0,0,0,0.0,0.0
1,83,-10,-2,-10,-2,-0.08440609095262838,1.008605276099135e-16
1,84,0,0,0,0,0.0,0.0
1,85,0,0,0,0,0.0,0.0
1,86,0,0,0,0,0.0,0.0
1,87,3,0,3,0,0.016852105910490994,-6.185127756481141e-16
1,88,0,0,0,0,0.0,0.0
1,89,0,0,0,0,0.0,0.0
1,90,0,0,0,0,0.0,0.0
1,91,3,-1,3,-1,0.03338463750115334,3.21952411106863e-16
1,92,0,0,0,0,0.0,0.0
1,93,0,0,0,0,0.0,0.0
1,94,0,0,0,0,0.0,0.0
1,95,0,0,0,0,-0.02049880355829092,3.7292361910382215e-17
1,96,0,0,0,0,0.0,0.0
1,97,0,0,0,0,0.0,0.0
1,98,0,0,0,0,0.0,0.0
1,99,-2,4,-2,4,-0.05280145110938252,-3.937822290467352e-16
1,100,0,0,0,0,0.0,0.0
1,101,0,0,0,0,0.0,0.0
1,102,0,0,0,0,0.0,0.0
1,103,-4,-2,-4,-2,-0.031148202979424555,2.315688127504273e-16
1,104,0,0,0,0,0.0,0.0
1,105,0,0,0,0,0.0,0.0
1,106,0,0,0,0,0.0,0.0
1,107,5,0,5,0,0.01860108598745921,3.382710778154774e-16
1,108,0,0,0,0,0.0,0.0
1,109,0,0,0,0,0.0,0.0
1,110,0,0,0,0,0.0,0.0
1,111,6,0,6,0,0.012537080822904612,6.477191491353168e-16
1,112,0,0,0,0,0.0,0.0
1,113,0,0,0,0,0.0,0.0
1,114,0,0,0,0,0.0,0.0
1,115,-4,3,-4,3,-0.04782365418908761,1.7698409858775327e-16
1,116,0,0,0,0,0.0,0.0
1,117,0,0,0,0,0.0,0.0
1,118,0,0,0,0,0.0,0.0
1,119,20,-3,20,-3,0.1473951357052856,9.524207825395964e-18
1,120,0,0,0,0,0.0,0.0
1,121,0,0,0,0,0.0,0.0
1,122,0,0,0,0,0.0,0.0
1,123,2,2,2,2,-0.02757075343548656,1.5706031135966246e-16
1,124,0,0,0,0,0.0,0.0
1,125,0,0,0,0,0.0,0.0
1,126,0,0,0,0,0.0,0.0
1,127,8,18,8,18,-0.04398138703624496,-7.952552526695833e-16
2,0,-10,42,-10,42,-0.078125,0.328125
2,1,-161,51,-128,51,-1.1448600583456665,0.47374123968977266
2,2,12,-109,12,-109,0.15412419350699968,-0.7931806101897814
2,3,-91,-61,-91,-61,-0.5748953271861298,-0.4647323927011854
2,4,-61,134,-61,127,-0.43901556663412183,1.0700343642196473
2,5,45,125,45,125,0.4117103600694658,1.01475502321196
2,6,41,-78,41,-78,0.38219926125988507,-0.5898576711289018
2,7,33,-62,33,-62,0.3137182697534321,-0.4759133219120505
2,8,-85,5,-85,5,-0.6530045370690003,0.06138355376673155
2,9,137,217,127,127,1.0990111337293458,1.730856976320532
2,10,82,-96,82,-96,0.6643035635950457,-0.7206115773876984
2,11,13,-133,13,-128,0.16962605621393922,-1.0366901129513462
2,12,-37,90,-37,90,-0.2543565590403789,0.7050314187959661
2,13,152,90,127,90,1.2174042182816947,0.7126774565667966
2,14,51,36,51,36,0.4219713461282848,0.2820823718108164
2,15,229,28,127,28,1.808414299844708,0.24756880460937197
2,16,-125,26,-125,26,-0.9664896728019903,0.20779671676911454
2,17,202,45,127,45,1.565282305019626,0.3820362860926201
2,18,96,-100,96,-100,0.7623799891946195,-0.761618301110797
2,19,-131,59,-128,59,-0.9973064679082813,0.4719422215807365
2,20,132,-94,127,-94,1.0318734391023885,-0.7198659704752861
2,21,-38,-18,-38,-18,-0.2874266768159295,-0.10721036759446993
2,22,-69,-21,-69,-21,-0.5260942880783162,-0.13941317223779232
2,23,-201,-121,-128,-121,-1.542968598800933,-0.9387046502477295
2,24,1,-87,1,-87,0.011134936018898145,-0.6801900756832804
2,25,-29,254,-29,127,-0.2376602055661649,1.9827205721359893
2,26,276,-55,127,-55,2.152807764243149,-0.41061084535420783
2,27,335,-15,127,-15,2.636991936192802,-0.0925149543719837
2,28,-171,46,-128,46,-1.3169565045320173,0.36201180884784045
2,29,-104,96,-104,96,-0.8056963732353679,0.7396633077978224
2,30,-30,-24,-30,-24,-0.24430234503780934,-0.17831004272168557
2,31,38,-46,38,-46,0.3055765993458357,-0.36234185768775323
2,32,286,-20,127,-20,2.234375,-0.15625
2,33,-208,-181,-128,-128,-1.6062912830942346,-1.3883948496071779
2,34,126,-27,126,-27,0.9731659567883293,-0.20914998479646907
2,35,-5,162,-5,127,-0.0339673706952808,1.2825430019246942
2,36,66,-4,66,-4,0.5166807784808736,-0.03222411910015971
2,37,196,248,127,127,1.541290175513665,1.933910035672444
2,38,-129,33,-128,33,-1.0104230574642696,0.25964392059810176
2,39,34,217,34,127,0.29133085012707594,1.7048851110311216
2,40,181,234,127,127,1.4095311042377277,1.819625724968455
2,41,112,-226,112,-128,0.8726150107193018,-1.7389516510589806
2,42,-168,-63,-128,-63,-1.3171204285242384,-0.4815469160123589
2,43,-22,-223,-22,-128,-0.16791501228023076,-1.7133385065569433
2,44,-225,48,-128,48,-1.7581108387948936,0.39473434075248265
2,45,-134,61,-128,61,-1.0631440824661624,0.49809883812172373
2,46,-153,66,-128,66,-1.1917506264232274,0.5263533984332549
2,47,-59,117,-59,117,-0.4718803390658741,0.9292985253217253
2,48,16,14,16,14,0.12948119631880584,0.11450667382415922
2,49,32,-9,32,-9,0.2543817750385051,-0.06670192810399095
2,50,-10,0,-10,0,-0.0888022284777969,0.0027935661800451705
2,51,-177,171,-128,127,-1.3728856192250165,1.331842021820471
2,52,12,84,12,84,0.09180614896666765,0.6741350235108114
2,53,38,-85,38,-85,0.28127543424571577,-0.6508573642721537
2,54,38,30,38,30,0.30437687113909306,0.23597467018289037
2,55,4,-7,4,-7,0.035428204944017994,-0.03587314231080457
2,56,-7,-231,-7,-128,-0.04581202819199684,-1.7945692030519063
2,57,69,-129,69,-128,0.5413558944191137,-1.014542215406976
2,58,257,-27,127,-27,2.014276051948235,-0.2083789375988248
2,59,94,127,94,127,0.7229234048084001,1.0088864512839901
2,60,62,-12,62,-12,0.4819896259444195,-0.09312158179952251
2,61,-96,-88,-96,-88,-0.759501754496423,-0.6683746627414617
2,62,37,35,37,35,0.29225867154568697,0.276811844577351
2,63,32,-49,32,-49,0.2728654447331532,-0.36861563294180244
2,64,-2,62,-2,62,-0.015625,0.484375
2,65,71,107,71,107,0.5454011737473277,0.8286820035445432
2,66,-206,5,-128,5,-1.6176031703637501,0.01795260207425714
2,67,15,-7,15,-7,0.1074744713075958,-0.04738051882652802
2,68,-55,158,-55,127,-0.4317772676196458,1.2350403450958056
2,69,271,-31,127,-31,2.1215832843561326,-0.26304256428516826
2,70,-89,-92,-89,-92,-0.7057323545742298,-0.7089163324776878
2,71,1,108,1,108,-0.0018270862825594536,0.8442645111406865
2,72,-29,-159,-29,-128,-0.22584252581517922,-1.2399769632770603
2,73,-9,-1,-9,-1,-0.0914307814757711,0.0019868458426601787
2,74,-178,6,-128,6,-1.3873372830861523,0.05630166319322222
2,75,-9,133,-9,127,-0.08857520660983942,1.0504972691857577
2,76,35,120,35,120,0.27423205607071854,0.9403383864606598
2,77,-136,108,-128,108,-1.0331325823850475,0.8334835294438514
2,78,143,-54,127,-54,1.1113903743693865,-0.43058824388261574
2,79,-75,0,-75,0,-0.5840810532606018,0.010068594972810152
2,80,19,-52,19,-52,0.13836467280199027,-0.41092171676911454
2,81,242,-73,127,-73,1.8788738165605123,-0.5429012535479057
2,82,-28,-114,-28,-114,-0.2468011362492033,-0.8861112185509846
2,83,91,53,91,53,0.6917371411266944,0.4237115898910033
2,84,8,82,8,82,0.03747631628172038,0.6467931488513177
2,85,206,12,127,12,1.5861298355554796,0.10107819086822543
2,86,-115,-83,-115,-83,-0.9019094262841938,-0.6587819313687076
2,87,115,-195,115,-128,0.8845119921597644,-1.5130464583371976
2,88,317,79,127,79,2.469044648337759,0.6242179647433008
2,89,-85,-118,-85,-118,-0.6640994795073483,-0.925709482888565
2,90,-292,117,-128,117,-2.3033438368188763,0.9038911953364337
2,91,-55,-105,-55,-105,-0.4460997251870098,-0.8051437283195846
2,92,17,16,17,16,0.12039843356591484,0.13532682952755012
2,93,40,-62,40,-62,0.31234135678701486,-0.4965412199931841
2,94,120,66,120,66,0.9409608035489706,0.5241881929666378
2,95,-8,-36,-8,-36,-0.07259799704210892,-0.2794055985100989
2,96,74,-20,74,-20,0.578125,-0.15625
2,97,38,135,38,127,0.2921466570586413,1.0664410184010538
2,98,-100,-193,-100,-128,-0.7794454396327597,-1.519659194155808
2,99,45,58,45,58,0.3333891330300931,0.4434336042471845
2,100,-2,40,-2,40,-0.020618507622369747,0.2862391899490854
2,101,-56,98,-56,98,-0.4759890327514885,0.7682816218825719
2,102,21,33,21,33,0.16987660538420818,0.26241520328686757
2,103,88,93,88,93,0.666525337708963,0.7181523379560829
2,104,5,68,5,68,0.031815958646451814,0.5152176845418739
2,105,24,-10,24,-10,0.15877351488213548,-0.10200707912757334
2,106,-96,-7,-96,-7,-0.7527363245127114,-0.08834133911162567
2,107,-158,183,-128,127,-1.2781897957948494,1.4060924527787684
2,108,-205,78,-128,78,-1.6257719169273466,0.610514765034474
2,109,74,97,74,97,0.5724979706766662,0.7419339328604042
2,110,-117,-8,-117,-8,-0.9272454360084272,-0.06427433860258858
2,111,-19,-33,-19,-33,-0.16937597330037069,-0.2669319913282683
2,112,102,4,102,4,0.7923938036811942,0.026118326175840777
2,113,96,69,96,69,0.7211756326785919,0.5193692945267607
2,114,54,18,54,18,0.40992357347515357,0.1249246211213973
2,115,21,309,21,127,0.14129986775193282,2.4164445443473
2,116,36,-56,36,-56,0.2760746590444871,-0.4726519820512216
2,117,-46,35,-46,35,-0.38361886817785473,0.22707755336074129
2,118,-162,82,-128,82,-1.3032838690519093,0.6318285319586823
2,119,14,47,14,47,0.09090732250897715,0.35196322305050703
2,120,-7,-61,-7,-61,-0.05936755616466036,-0.4932086860081142
2,121,-51,141,-51,127,-0.4257916293807307,1.0344907467040534
2,122,-49,-91,-49,-91,-0.3877912450860437,-0.7766547236368004
2,123,114,57,114,57,0.8242857332686329,0.42428079082058184
2,124,-60,38,-60,38,-0.48392429628641653,0.25766403238054936
2,125,-156,-158,-128,-128,-1.2446067416407458,-1.3760498344169192
2,126,-99,-21,-99,-21,-0.8122925304531325,-0.22915640139462265
2,127,46,99,46,99,0.25555950781306824,0.5847578110404832
3,0,8192,-6144,127,-128,64.0,-48.0
3,1,0,0,0,0,0.0,0.0
3,2,0,0,0,0,0.0,0.0
3,3,0,0,0,0,0.0,0.0
3,4,0,0,0,0,0.0,0.0
3,5,0,0,0,0,0.0,0.0
3,6,0,0,0,0,0.0,0.0
3,7,0,0,0,0,0.0,0.0
3,8,0,0,0,0,0.0,0.0
3,9,0,0,0,0,0.0,0.0
3,10,0,0,0,0,0.0,0.0
3,11,0,0,0,0,0.0,0.0
3,12,0,0,0,0,0.0,0.0
3,13,0,0,0,0,0.0,0.0
3,14,0,0,0,0,0.0,0.0
3,15,0,0,0,0,0.0,0.0
3,16,0,0,0,0,0.0,0.0
3,17,0,0,0,0,0.0,0.0
3,18,0,0,0,0,0.0,0.0
3,19,0,0,0,0,0.0,0.0
3,20,0,0,0,0,0.0,0.0
3,21,0,0,0,0,0.0,0.0
3,22,0,0,0,0,0.0,0.0
3,23,0,0,0,0,0.0,0.0
3,24,0,0,0,0,0.0,0.0
3,25,0,0,0,0,0.0,0.0
3,26,0,0,0,0,0.0,0.0
3,27,0,0,0,0,0.0,0.0
3,28,0,0,0,0,0.0,0.0
3,29,0,0,0,0,0.0,0.0
3,30,0,0,0,0,0.0,0.0
3,31,0,0,0,0,0.0,0.0
3,32,0,0,0,0,0.0,0.0
3,33,0,0,0,0,0.0,0.0
3,34,0,0,0,0,0.0,0.0
3,35,0,0,0,0,0.0,0.0
3,36,0,0,0,0,0.0,0.0
3,37,0,0,0,0,0.0,0.0
3,38,0,0,0,0,0.0,0.0
3,39,0,0,0,0,0.0,0.0
3,40,0,0,0,0,0.0,0.0
3,41,0,0,0,0,0.0,0.0
3,42,0,0,0,0,0.0,0.0
3,43,0,0,0,0,0.0,0.0
3,44,0,0,0,0,0.0,0.0
3,45,0,0,0,0,0.0,0.0
3,46,0,0,0,0,0.0,0.0
3,47,0,0,0,0,0.0,0.0
3,48,0,0,0,0,0.0,0.0
3,49,0,0,0,0,0.0,0.0
3,50,0,0,0,0,0.0,0.0
3,51,0,0,0,0,0.0,0.0
3,52,0,0,0,0,0.0,0.0
3,53,0,0,0,0,0.0,0.0
3,54,0,0,0,0,0.0,0.0
3,55,0,0,0,0,0.0,0.0
3,56,0,0,0,0,0.0,0.0
3,57,0,0,0,0,0.0,0.0
3,58,0,0,0,0,0.0,0.0
3,59,0,0,0,0,0.0,0.0
3,60,0,0,0,0,0.0,0.0
3,61,0,0,0,0,0.0,0.0
3,62,0,0,0,0,0.0,0.0
3,63,0,0,0,0,0.0,0.0
3,64,0,0,0,0,0.0,0.0
3,65,0,0,0,0,0.0,0.0
3,66,0,0,0,0,0.0,0.0
3,67,0,0,0,0,0.0,0.0
3,68,0,0,0,0,0.0,0.0
3,69,0,0,0,0,0.0,0.0
3,70,0,0,0,0,0.0,0.0
3,71,0,0,0,0,0.0,0.0
3,72,0,0,0,0,0.0,0.0
3,73,0,0,0,0,0.0,0.0
3,74,0,0,0,0,0.0,0.0
3,75,0,0,0,0,0.0,0.0
3,76,0,0,0,0,0.0,0.0
3,77,0,0,0,0,0.0,0.0
3,78,0,0,0,0,0.0,0.0
3,79,0,0,0,0,0.0,0.0
3,80,0,0,0,0,0.0,0.0
3,81,0,0,0,0,0.0,0.0
3,82,0,0,0,0,0.0,0.0
3,83,0,0,0,0,0.0,0.0
3,84,0,0,0,0,0.0,0.0
3,85,0,0,0,0,0.0,0.0
3,86,0,0,0,0,0.0,0.0
3,87,0,0,0,0,0.0,0.0
3,88,0,0,0,0,0.0,0.0
3,89,0,0,0,0,0.0,0.0
3,90,0,0,0,0,0.0,0.0
3,91,0,0,0,0,0.0,0.0
3,92,0,0,0,0,0.0,0.0
3,93,0,0,0,0,0.0,0.0
3,94,0,0,0,0,0.0,0.0
3,95,0,0,0,0,0.0,0.0
3,96,0,0,0,0,0.0,0.0
3,97,0,0,0,0,0.0,0.0
3,98,0,0,0,0,0.0,0.0
3,99,0,0,0,0,0.0,0.0
3,100,0,0,0,0,0.0,0.0
3,101,0,0,0,0,0.0,0.0
3,102,0,0,0,0,0.0,0.0
3,103,0,0,0,0,0.0,0.0
3,104,0,0,0,0,0.0,0.0
3,105,0,0,0,0,0.0,0.0
3,106,0,0,0,0,0.0,0.0
3,107,0,0,0,0,0.0,0.0
3,108,0,0,0,0,0.0,0.0
3,109,0,0,0,0,0.0,0.0
3,110,0,0,0,0,0.0,0.0
3,111,0,0,0,0,0.0,0.0
3,112,0,0,0,0,0.0,0.0
3,113,0,0,0,0,0.0,0.0
3,114,0,0,0,0,0.0,0.0
3,115,0,0,0,0,0.0,0.0
3,116,0,0,0,0,0.0,0.0
3,117,0,0,0,0,0.0,0.0
3,118,0,0,0,0,0.0,0.0
3,119,0,0,0,0,0.0,0.0
3,120,0,0,0,0,0.0,0.0
3,121,0,0,0,0,0.0,0.0
3,122,0,0,0,0,0.0,0.0
3,123,0,0,0,0,0.0,0.0
3,124,0,0,0,0,0.0,0.0
3,125,0,0,0,0,0.0,0.0
3,126,0,0,0,0,0.0,0.0
3,127,0,0,0,0,0.0,0.0
