net,length_um
clknet_0_clk_i_regs,1.48811mm
net374,1.19646mm
net2,1.10072mm
net1,1.09154mm
net91,1.07942mm
net3,1.07026mm
net144,1.02403mm
net337,1.00341mm
net185,993.23µm
u_core.botr\[9\],957.75µm
net289,954.78µm
net431,945.94µm
net72,937.77µm
net51,936.66µm
net179,934.28µm
net50,932.6µm
net73,927.15µm
net53,918.83µm
net67,915.56µm
net232,915.39µm
net55,914.3µm
net369,893.35µm
net390,886.38µm
u_core.botr\[6\],872.58µm
net219,865.16µm
tw_im\[2\],836.18µm
net347,833.73µm
net367,827.88µm
net220,818.36µm
clk_i,798.52µm
net372,796.88µm
u_core.botr\[8\],788.26µm
_3720_,778.65µm
net135,757.83µm
net103,749.17µm
_3658_,743.93µm
net104,735.02µm
u_core.im_q_lo\[6\],730.76µm
u_core.im_q_lo\[5\],729.54µm
net398,725.86µm
net134,718.83µm
u_core.im_q_lo\[7\],708.51µm
tw_im\[5\],706.41µm
net229,699.84µm
net290,697.5µm
net291,696.63µm
net241,696.23µm
_3644_,695.93µm
net223,682.51µm
net292,675.71µm
u_core.im_q_lo\[4\],659.03µm
net131,650.71µm
net293,648.42µm
net287,647.56µm
_3813_,643.59µm
net82,643.22µm
clknet_1_0__leaf_clk_i,638.22µm
net174,630.81µm
_3651_,629.63µm
net78,629.02µm
_3691_,625.06µm
fdiq_fd_in_data\[7\],624.65µm
net294,617.98µm
_3727_,616.2µm
net211,615.08µm
net366,612.13µm
net285,611.16µm
net193,608.92µm
u_core.botr\[11\],601.54µm
net76,597.73µm
_3706_,591.56µm
net380,589.83µm
net21,585.62µm
net201,584.89µm
net361,584.23µm
net407,582.96µm
net29,581.12µm
clknet_5_30__leaf_clk_i_regs,580.46µm
_3980_,579.95µm
u_core.botr\[13\],579.38µm
u_core.botr\[10\],579.24µm
u_core.re_q_hi\[0\],576.15µm
net383,574.1µm
net316,572.67µm
net311,571.45µm
u_core.botr\[14\],568.65µm
u_core.re_q_lo\[6\],566.78µm
net190,561.52µm
net394,556.23µm
net368,555.16µm
net261,554.8µm
u_core.botr\[3\],553.99µm
fdiq_fd_in_data\[6\],551.29µm
net345,549.66µm
net295,549.2µm
u_core.re_q_hi\[1\],545.96µm
_3993_,545.24µm
u_core.boti\[12\],544.62µm
net175,542.18µm
u_core.re_q_lo\[7\],536.95µm
u_core.mem_a\[3\],535.79µm
net164,530.93µm
clknet_1_1__leaf_clk_i,529.95µm
u_core.re_d\[7\],529.62µm
u_core.im_q_hi\[7\],529.31µm
u_core.mem_a\[4\],525.76µm
net314,525.63µm
u_core.mem_a\[1\],523.06µm
u_core.re_q_hi\[2\],523µm
u_core.mem_a\[0\],522.62µm
_3697_,520.34µm
tw_re\[6\],515.4µm
net268,512.6µm
net129,512.04µm
net418,507.51µm
net196,506.44µm
u_core.botr\[7\],506.34µm
u_core.mem_a\[6\],504.52µm
net173,503.89µm
u_core.boti\[9\],503.64µm
net102,501.35µm
_1600_,499.67µm
net195,498.19µm
u_core.mem_a\[5\],498.08µm
net80,492.54µm
u_core.im_q_hi\[4\],491.74µm
u_core.re_q_lo\[5\],491.08µm
net343,489.13µm
u_core.im_q_hi\[6\],486.62µm
net363,485.01µm
net305,484.29µm
net270,483.43µm
net172,483.07µm
net255,481.14µm
_3696_,478.95µm
u_core.im_q_lo\[3\],475.42µm
net336,475.31µm
tw_im\[6\],475.03µm
clknet_5_14__leaf_clk_i_regs,473.45µm
net309,471.62µm
u_core.im_q_hi\[5\],469.8µm
net88,462.96µm
clknet_5_20__leaf_clk_i_regs,458.48µm
net391,457.77µm
net139,457.11µm
u_core.im_d\[6\],454.09µm
clknet_5_5__leaf_clk_i_regs,452.78µm
u_core.boti\[11\],452.12µm
clknet_5_4__leaf_clk_i_regs,450.39µm
net307,449.93µm
fdiq_fd_in_data\[4\],449.22µm
clknet_5_23__leaf_clk_i_regs,448.81µm
_3695_,448.66µm
net177,448.35µm
net226,444.79µm
net107,442.7µm
net210,442.55µm
net300,442.19µm
delaynet_0_clk_i,440.21µm
net302,438.58µm
u_core.boti\[13\],436.9µm
clknet_5_27__leaf_clk_i_regs,435.32µm
clknet_5_31__leaf_clk_i_regs,434.86µm
net373,431.5µm
fdiq_fd_in_data\[3\],429.62µm
_1317_,429.16µm
u_core.im_d\[5\],428.55µm
_1640_,428.5µm
net296,425.34µm
u_core.re_d\[6\],424.95µm
net370,422.95µm
u_core.boti\[15\],422.85µm
_3045_,421.83µm
u_core.mem_a\[2\],420.57µm
_0575_,420.05µm
clknet_5_21__leaf_clk_i_regs,419.18µm
net10,418.42µm
_3786_,417.86µm
_1614_,417.2µm
u_core.re_d\[11\],416.5µm
net159,416.48µm
_1529_,416.34µm
net339,415.11µm
clknet_5_24__leaf_clk_i_regs,415.01µm
net153,414.04µm
_1602_,413.33µm
u_core.re_q_hi\[3\],411.56µm
net191,411.29µm
_1620_,411.09µm
clknet_5_22__leaf_clk_i_regs,409.05µm
net411,405.03µm
u_core.boti\[4\],402.74µm
net79,401.66µm
net362,401.06µm
u_core.re_d\[5\],399.14µm
_3707_,398.26µm
net252,398.21µm
net288,398.08µm
_2929_,397.19µm
net68,394.39µm
u_core.re_d\[8\],394.15µm
net83,393.17µm
net203,390.06µm
u_core.im_q_hi\[3\],389.62µm
u_core.botr\[15\],389.4µm
clknet_5_2__leaf_clk_i_regs,388.84µm
net148,387.31µm
net217,386.7µm
u_core.boti\[14\],382.73µm
net297,378.25µm
net187,376.01µm
_3096_,375.91µm
net389,375.91µm
net341,375.3µm
net71,374.33µm
net138,373.7µm
_4023_,373.52µm
net264,372.8µm
_3804_,371.94µm
u_core.state\[1\],371.33µm
u_core.re_d\[4\],371.14µm
_3704_,369.09µm
net188,368.37µm
u_core.im_d\[4\],362.33µm
net364,360.64µm
_3947_,359.62µm
_3705_,357.99µm
_1472_,357.38µm
net14,357.38µm
_3093_,355.7µm
_1332_,353.99µm
net9,353.51µm
net216,353.51µm
_3083_,353µm
_3076_,352.9µm
clknet_4_1_0_clk_i_regs,351.78µm
tw_re\[0\],351.73µm
u_core.boti\[5\],350.71µm
_3775_,348.93µm
net246,347.6µm
net212,347.25µm
_0948_,345.67µm
net243,342.92µm
_3999_,342.82µm
net312,342.82µm
u_core.re_d\[10\],342.02µm
net89,341.8µm
net149,339.05µm
u_core.boti\[7\],336.61µm
net141,335.13µm
u_core.im_q_hi\[2\],334.74µm
net136,334.62µm
_3966_,333.81µm
_3935_,333.3µm
u_core.im_q_hi\[0\],332.7µm
net408,329.43µm
u_core.re_q_lo\[4\],328.07µm
net267,327.49µm
net142,326.83µm
u_core.botr\[1\],326.63µm
net299,326.17µm
net228,325.81µm
net13,324.34µm
net379,322.66µm
_1601_,322.56µm
net322,320.93µm
net303,320.57µm
net84,320.47µm
net150,319.96µm
_1615_,318.08µm
net318,317.62µm
net171,316.09µm
_0261_,315.89µm
_1524_,312.83µm
net323,312.63µm
net340,311.2µm
net127,310.29µm
net279,309.93µm
net320,309.37µm
u_core.im_q_hi\[1\],309.03µm
clknet_5_28__leaf_clk_i_regs,308.25µm
net262,308.2µm
net409,307.54µm
_3056_,307.03µm
u_core.botr\[5\],305.81µm
tw_re\[2\],305.63µm
tw_im\[7\],304.64µm
_3686_,301.43µm
net269,300.97µm
net260,298.63µm
net282,297.61µm
net249,297.1µm
net214,289.72µm
_3038_,289.62µm
_1566_,288.45µm
_3681_,287.89µm
net257,287.22µm
net254,285.95µm
net319,283.71µm
u_core.im_d\[13\],281.96µm
u_core.im_d\[14\],281.54µm
net286,280.81µm
clknet_5_16__leaf_clk_i_regs,276.69µm
_1274_,276.13µm
u_core.boti\[8\],275.16µm
clknet_5_0__leaf_clk_i_regs,274.5µm
clknet_5_17__leaf_clk_i_regs,272.92µm
net399,272.36µm
_0880_,272.21µm
net272,271.95µm
sch_cmd_ready,270.07µm
_0544_,269.51µm
net378,268.85µm
net230,268.24µm
_3033_,267.73µm
net178,266.91µm
net275,266.76µm
net271,266.1µm
_3784_,265.44µm
net184,263.35µm
net304,261.16µm
_0577_,261.01µm
_3358_,257.82µm
_1360_,257.14µm
u_core.boti\[10\],257.14µm
_1157_,253.68µm
net96,253.68µm
net90,253.27µm
net331,253.27µm
u_core.re_d\[9\],252.98µm
net277,252.81µm
u_core.boti\[0\],252.22µm
net310,251.74µm
clknet_5_6__leaf_clk_i_regs,251.03µm
_3513_,250.42µm
u_core.boti\[6\],249.96µm
net215,249.12µm
_1285_,248.69µm
clknet_5_26__leaf_clk_i_regs,246.5µm
net306,245.58µm
_3394_,245.28µm
net432,244.82µm
net158,243.34µm
net194,243.24µm
u_core.re_q_lo\[3\],243µm
_3671_,241.97µm
net101,241.66µm
net30,241.61µm
net155,239.73µm
clknet_5_18__leaf_clk_i_regs,238.66µm
net31,237.59µm
_1264_,237.03µm
net74,236.39µm
net222,236.37µm
_0550_,235.81µm
net263,235.45µm
u_core.gwen,234.84µm
net109,234.48µm
_3982_,233.52µm
_3877_,232.5µm
net346,232.5µm
_0631_,231.94µm
u_core.im_d\[12\],231.14µm
_2934_,230.21µm
net170,229.39µm
net338,229.24µm
u_core.im_d\[8\],228.9µm
_1325_,228.58µm
net428,228.02µm
net121,227.51µm
net204,227.41µm
net183,226.44µm
net133,225.32µm
net385,225.27µm
clknet_5_1__leaf_clk_i_regs,224.66µm
net26,224.56µm
net433,224.05µm
net186,223.69µm
_0845_,223.59µm
net200,221.35µm
net176,219.06µm
_1101_,218.12µm
_4015_,217.99µm
map_out_last,217.89µm
net313,215.65µm
net202,215.19µm
u_core.boti\[2\],215.09µm
_3386_,215.04µm
u_core.re_d\[12\],214.95µm
clknet_5_25__leaf_clk_i_regs,214.12µm
net239,212.64µm
net124,212.03µm
net189,212.03µm
_2930_,209.44µm
_3665_,208.93µm
net66,206.69µm
net321,205.87µm
net115,205.62µm
_1377_,205.52µm
_1098_,203.99µm
_1599_,203.94µm
net145,202.92µm
_0949_,202.77µm
net152,202.16µm
tw_re\[4\],201.65µm
net208,200.78µm
clknet_5_29__leaf_clk_i_regs,200.63µm
net227,200.32µm
net105,199.56µm
clknet_0_clk_i,199.46µm
net371,197.78µm
_1006_,197.5µm
net265,197.27µm
net233,196.86µm
_3389_,196.56µm
clknet_5_7__leaf_clk_i_regs,195.69µm
_2936_,195.49µm
_3593_,195.49µm
_0513_,194.93µm
net251,194.67µm
net278,193.3µm
net237,192.89µm
_4016_,191.62µm
net113,191.29µm
net33,191.16µm
clknet_5_19__leaf_clk_i_regs,191.16µm
net420,191.06µm
_1629_,190.96µm
net146,189.43µm
net334,187.8µm
_2985_,187.24µm
net397,187.09µm
u_core.boti\[1\],186.02µm
_0275_,185.43µm
_3007_,185.41µm
_1749_,185µm
u_sch.kk\[2\],184.44µm
_2938_,184.24µm
_0556_,183.12µm
u_sch.kk\[0\],182.81µm
_1233_,182.56µm
net330,182.4µm
_1778_,182.15µm
_3996_,182.15µm
_3018_,182.1µm
_0003_,182.05µm
net335,181.54µm
_2981_,181.44µm
_3588_,180.42µm
_3581_,179.76µm
_0979_,178.74µm
net387,178.13µm
_3990_,176.4µm
_0507_,175.33µm
_4012_,174.77µm
u_core.re_q_lo\[0\],174.58µm
u_sch.kk\[5\],174.31µm
net422,174.31µm
net248,173.8µm
u_core.boti\[3\],173.65µm
net209,173.19µm
net154,172.83µm
_2996_,172.48µm
u_sch.stage\[2\],171.97µm
net221,171.51µm
_0661_,171.47µm
net130,171.36µm
net324,170.95µm
net224,170.69µm
_3981_,170.34µm
_1441_,169.83µm
_4020_,169.73µm
net329,169.27µm
_1392_,169.17µm
_3156_,169.17µm
_1378_,169.12µm
u_core.im_d\[3\],168.67µm
_3213_,168.15µm
fdiq_fd_in_data\[0\],168.05µm
u_core.im_d\[9\],167.86µm
net25,167.3µm
u_core.im_q_lo\[2\],166.53µm
net281,166.42µm
net245,164.28µm
net192,164.23µm
clknet_5_11__leaf_clk_i_regs,163.72µm
u_core.re_q_hi\[4\],163.38µm
u_sch.kk\[4\],163.21µm
_0808_,163.01µm
_1808_,162.55µm
net120,162.5µm
net234,162.45µm
_3392_,162.4µm
_3400_,161.99µm
net274,161.99µm
fdiq_fd_in_data\[11\],161.43µm
net327,160.97µm
_1421_,160.26µm
u_core.botr\[2\],160.26µm
u_sch.stage\[1\],160.26µm
_3405_,159.74µm
_2657_,158.58µm
_1670_,157.51µm
_0472_,157.41µm
net326,157µm
net108,156.34µm
u_core.re_d\[3\],156.1µm
_3582_,155.83µm
net41,155.73µm
u_core.re_d\[13\],155.59µm
_1356_,155.12µm
_3689_,154.66µm
_3262_,153.08µm
u_core.re_d\[14\],152.74µm
_2993_,152.42µm
_0916_,152.37µm
_1698_,151.5µm
_3818_,151.25µm
_3266_,150.64µm
_1218_,150.18µm
_3749_,150.13µm
_4013_,150.08µm
net328,149.82µm
_0730_,149.57µm
fdiq_fd_in_data\[10\],149.57µm
net147,149.16µm
_4143_,149.06µm
_3004_,149.01µm
_1528_,148.96µm
net77,148.48µm
_1282_,148.45µm
net166,147.58µm
net388,147.38µm
_1619_,146.87µm
_0574_,145.7µm
clknet_5_9__leaf_clk_i_regs,145.24µm
net34,144.96µm
_1118_,144.02µm
_0524_,143.92µm
net160,143.61µm
_4019_,143.36µm
net119,143.05µm
_3391_,142.85µm
_4026_,142.85µm
_0698_,142.44µm
_2333_,142.34µm
_3619_,141.78µm
_3693_,141.32µm
net151,140.61µm
fdiq_fd_in_data\[9\],140.05µm
_1283_,139.54µm
net258,139.54µm
fdiq_fd_in_data\[1\],139.44µm
_0519_,138.37µm
_1256_,138.37µm
_3341_,138.37µm
_0360_,137.81µm
_3838_,137.4µm
_4048_,137.3µm
net87,135.67µm
net410,135.01µm
net333,133.94µm
_1686_,132.77µm
u_sch.kk\[6\],132.72µm
net111,132.31µm
_1243_,132.26µm
_2766_,132.26µm
net315,132.26µm
_3271_,132.21µm
u_sch.kk\[1\],132.16µm
net276,131.8µm
_2704_,131.09µm
_1699_,131.04µm
net168,130.88µm
_3099_,130.58µm
_2809_,128.85µm
clknet_4_9_0_clk_i_regs,128.85µm
_2941_,128.8µm
u_core.state\[3\],128.8µm
_1115_,128.34µm
_0303_,127.78µm
net332,127.78µm
_1573_,127.73µm
_3699_,127.73µm
_2943_,127.22µm
net446,127.17µm
_1432_,126.66µm
_3126_,126.56µm
clknet_4_14_0_clk_i_regs,126.56µm
_1251_,126.1µm
_0912_,125.44µm
_1956_,124.57µm
net122,123.96µm
_4179_,123.35µm
net123,123.35µm
net36,123.3µm
net162,122.84µm
_2671_,122.79µm
net28,122.69µm
_3591_,122.23µm
_3954_,122.18µm
net4,122.13µm
net70,122.13µm
_0364_,121.62µm
_0317_,121.57µm
_1357_,121.57µm
net125,121.06µm
_1050_,121.01µm
_3545_,121.01µm
net218,120.7µm
_1994_,120.5µm
net231,120.45µm
clknet_5_10__leaf_clk_i_regs,120.04µm
net236,119.99µm
_1843_,119.48µm
net132,119.38µm
_0712_,119.33µm
_3426_,119.14µm
net181,118.87µm
_2771_,118.82µm
_3329_,118.77µm
_3264_,118.31µm
_1315_,117.85µm
_2945_,117.19µm
net163,117.14µm
_2700_,117.09µm
_1593_,117.04µm
net157,116.04µm
net377,115.97µm
u_sch.kk\[3\],115.51µm
_2772_,114.9µm
_0510_,114.8µm
_1480_,114.8µm
_0735_,114.39µm
_0554_,113.83µm
_1673_,113.83µm
_0001_,113.12µm
_1236_,112.66µm
clknet_4_8_0_clk_i_regs,112.1µm
_3755_,112.05µm
u_core.re_q_lo\[1\],111.91µm
_1666_,111.49µm
net213,111.49µm
_3599_,111.23µm
u_core.topr\[15\],111.03µm
clknet_5_15__leaf_clk_i_regs,111.03µm
_0473_,110.88µm
net32,110.57µm
net206,110.42µm
_2922_,109.76µm
_0298_,109.25µm
_0708_,109.25µm
_3974_,108.97µm
sch_busy,108.74µm
_1120_,108.69µm
_1222_,108.64µm
net165,108.48µm
_3072_,108.23µm
net442,108.13µm
clknet_4_10_0_clk_i_regs,107.67µm
_1387_,107.57µm
_2530_,107.57µm
_0588_,107.01µm
u_core.re_q_lo\[2\],106.92µm
u_core.re_d\[15\],106.82µm
net444,106.57µm
_2780_,106.5µm
net117,106.4µm
net198,106.04µm
_2797_,105.89µm
_3778_,105.89µm
_3396_,105.84µm
_3793_,105.84µm
_3914_,105.84µm
_2030_,105.38µm
_3335_,105.33µm
_1879_,104.87µm
net238,104.87µm
net284,104.87µm
_2612_,104.82µm
u_core.topr\[11\],104.82µm
net430,104.77µm
_3531_,104.26µm
_1266_,104.21µm
_3796_,103.7µm
_1112_,103.65µm
_1488_,103.65µm
_1203_,103.6µm
_3178_,103.37µm
u_core.im_d\[2\],103.19µm
net207,103.19µm
_3538_,103.04µm
net242,102.83µm
clknet_5_13__leaf_clk_i_regs,102.68µm
u_core.re_d\[1\],101.83µm
_3817_,101.41µm
clknet_4_13_0_clk_i_regs,101.41µm
_1349_,101.36µm
net445,101.36µm
_3834_,101.15µm
_1230_,100.95µm
_4104_,100.85µm
_1237_,100.8µm
net449,100.8µm
clknet_5_3__leaf_clk_i_regs,100.54µm
net116,100.34µm
net60,100.29µm
_0663_,99.78µm
_0687_,99.2µm
_1618_,99.12µm
_3037_,98.56µm
_3368_,98.56µm
u_core.im_d\[15\],98.56µm
u_core.re_d\[2\],98.42µm
_2064_,98.1µm
net180,98.05µm
_0641_,98µm
net384,98µm
_0584_,97.54µm
_3348_,97.49µm
_2821_,97.47µm
_3544_,96.88µm
_2921_,96.42µm
u_map.state\[1\],96.42µm
_3964_,95.76µm
u_sch.grp\[3\],95.3µm
_0766_,95.25µm
_1428_,95.25µm
_4025_,95.25µm
u_core.im_d\[1\],94.23µm
clknet_4_0_0_clk_i_regs,94.08µm
u_core.re_d\[0\],94.04µm
_2760_,93.52µm
u_core.re_q_hi\[7\],93.38µm
_0282_,93.01µm
_1483_,92.96µm
fdiq_busy,92.6µm
_0628_,92.5µm
_2709_,92.45µm
u_core.im_d\[10\],92.26µm
_3923_,92.09µm
net197,92.09µm
net169,91.99µm
net235,91.99µm
_0638_,91.94µm
_2827_,91.89µm
net75,91.75µm
net61,91.43µm
_1612_,91.33µm
_2826_,91.33µm
_3994_,91.28µm
clknet_5_12__leaf_clk_i_regs,90.97µm
_4043_,90.21µm
_0693_,90.16µm
_0467_,89.7µm
_3546_,89.7µm
_2248_,89.65µm
_2467_,89.65µm
_0545_,89.6µm
_1426_,89.14µm
_3113_,89.04µm
_2480_,88.63µm
u_core.im_q_lo\[0\],88.34µm
_3899_,87.97µm
_1660_,87.92µm
clknet_4_15_0_clk_i_regs,87.92µm
_3648_,87.51µm
net325,87.46µm
_3108_,87.41µm
net85,87.41µm
_0658_,87.36µm
_2097_,87µm
_2342_,86.95µm
_0633_,86.85µm
_3907_,86.85µm
_2662_,86.44µm
_0415_,86.24µm
u_core.state\[5\],86.24µm
_3808_,85.78µm
net63,85.73µm
_0392_,85.22µm
_0585_,85.17µm
_1204_,85.17µm
net199,84.86µm
_2762_,84.76µm
net118,84.76µm
_2723_,84.66µm
_1393_,84.61µm
_0772_,84.05µm
_2350_,84.05µm
net27,84.05µm
_0223_,83.44µm
_1662_,83.44µm
_1143_,83.03µm
_3050_,83.03µm
_2354_,82.42µm
_0015_,82.37µm
_1616_,82.32µm
net395,81.91µm
_3164_,81.86µm
clknet_4_5_0_clk_i_regs,81.86µm
_2703_,81.76µm
u_core.im_q_lo\[1\],81.67µm
_0761_,81.25µm
_1388_,81.2µm
_1664_,81.2µm
_0428_,80.79µm
_2710_,80.74µm
_0576_,80.69µm
_3398_,80.69µm
_3637_,80.69µm
_1048_,80.64µm
_4139_,80.64µm
net240,80.43µm
net225,80.23µm
_1470_,80.18µm
_3782_,80.13µm
net5,80.08µm
clknet_4_12_0_clk_i_regs,80.08µm
_1420_,79.11µm
_0691_,79.01µm
_1028_,79.01µm
_2815_,78.96µm
_0938_,78.55µm
_1918_,78.45µm
_1919_,78.4µm
_2757_,78.4µm
_3604_,78.4µm
_1497_,78.04µm
_0956_,77.99µm
_4136_,77.94µm
_0290_,77.89µm
net137,77.53µm
_3175_,77.43µm
u_core.topi\[6\],77.38µm
_2527_,77.28µm
_3997_,77.28µm
_0700_,76.82µm
_3112_,76.82µm
_1697_,76.72µm
_0490_,76.21µm
net381,75.8µm
u_sch.grp\[5\],75.75µm
_3430_,75.7µm
_0523_,75.65µm
_2756_,75.65µm
_3088_,75.6µm
_4150_,75.14µm
net429,75.09µm
_0968_,75.04µm
_2259_,75.04µm
clknet_4_4_0_clk_i_regs,75.04µm
_1622_,74.58µm
tw_im\[0\],74.53µm
_4058_,74.07µm
_1570_,74.02µm
_3434_,74.02µm
_1210_,73.97µm
_3261_,73.97µm
_3427_,73.97µm
_4087_,73.97µm
tw_im\[4\],73.97µm
u_core.im_d\[7\],73.97µm
tw_im\[1\],73.92µm
_0557_,73.46µm
_0636_,73.46µm
_1402_,73.46µm
_1224_,73.41µm
_1286_,73.36µm
_3257_,72.9µm
_3963_,72.85µm
_0431_,72.8µm
_3750_,71.73µm
_3231_,71.47µm
_3851_,71.32µm
_1572_,71.27µm
u_core.topi\[15\],71.17µm
_4117_,70.71µm
_3267_,70.66µm
_3825_,70.66µm
clknet_4_11_0_clk_i_regs,70.61µm
_3992_,70.56µm
_4063_,70.56µm
net205,70.5µm
_4156_,70.25µm
_4164_,69.59µm
_0991_,69.54µm
_1468_,69.49µm
_2833_,69.49µm
_1060_,69.44µm
_2746_,69.44µm
u_tw.base_im\[0\],69.44µm
_3676_,68.98µm
_4118_,68.98µm
_3605_,68.93µm
_0704_,68.88µm
_1032_,68.88µm
_3229_,68.47µm
_0992_,68.37µm
clknet_5_8__leaf_clk_i_regs,67.91µm
_3597_,67.76µm
sch_done,67.76µm
tw_re\[7\],67.76µm
_3832_,67.3µm
_2926_,67.25µm
u_core.botr\[12\],67.2µm
_3725_,66.84µm
_3268_,66.79µm
u_fdiq.I_byte\[6\],66.74µm
_1176_,66.69µm
_1479_,66.64µm
_1496_,66.64µm
_3635_,66.18µm
net99,66.18µm
_1395_,66.13µm
_2561_,66.13µm
_3751_,66.13µm
_3717_,65.67µm
_3431_,65.57µm
_2747_,65.16µm
u_fdiq.expect_I,65.11µm
_1305_,65.06µm
_1419_,65.06µm
_4155_,65.01µm
_1624_,64.96µm
_1487_,64.5µm
_2829_,64.5µm
_2860_,64.45µm
_3365_,64.45µm
_1318_,64.4µm
_3100_,63.99µm
_1353_,63.94µm
_1208_,63.89µm
_3058_,63.89µm
u_fdiq.sample_count\[0\],63.89µm
net37,63.89µm
_2270_,63.84µm
_1024_,63.38µm
_3048_,63.38µm
_3078_,63.38µm
net39,63.38µm
net317,63.38µm
_2853_,63.28µm
_1415_,62.72µm
net167,62.36µm
_0975_,62.31µm
_2791_,62.31µm
_0874_,62.26µm
_0960_,62.26µm
_4077_,62.26µm
_0470_,62.21µm
_0825_,62.21µm
_3728_,62.21µm
net6,62.16µm
_1408_,61.7µm
_3854_,61.65µm
_2277_,61.6µm
_3333_,61.6µm
_3344_,61.6µm
_3543_,61.6µm
_3754_,61.6µm
_2482_,61.19µm
_3762_,61.09µm
_0773_,61.04µm
_3847_,61.04µm
net8,61.04µm
net112,60.73µm
_0703_,60.58µm
_3142_,60.58µm
_2764_,60.53µm
_3747_,60.53µm
net100,60.53µm
_2503_,60.12µm
_3638_,60.07µm
_1066_,60.02µm
_1099_,60.02µm
_2337_,60.02µm
_1474_,59.97µm
_1565_,59.97µm
_2351_,59.97µm
_3034_,59.97µm
_1372_,59.66µm
_3116_,59.51µm
_2708_,59.46µm
_2742_,59.46µm
_1364_,59.41µm
_3975_,59.41µm
u_core.topi\[12\],59.41µm
_3260_,59.36µm
_0329_,59.23µm
_0330_,58.9µm
_1091_,58.9µm
_3983_,58.9µm
fdiq_fd_in_data\[5\],58.9µm
_3375_,58.85µm
_1650_,58.8µm
_2281_,58.44µm
_2320_,58.39µm
_3618_,58.34µm
_1462_,58.24µm
_3611_,58.24µm
net419,57.83µm
_3044_,57.78µm
_3722_,57.78µm
_1544_,57.73µm
_2261_,57.73µm
_2451_,57.68µm
_3185_,57.68µm
_3191_,57.68µm
_3884_,57.68µm
_2686_,57.27µm
_3107_,57.27µm
net98,57.22µm
_4100_,57.17µm
fdiq_fd_in_data\[2\],57.17µm
_2513_,57.12µm
_3797_,57.12µm
_4003_,56.66µm
_2258_,56.61µm
_2269_,56.61µm
_2859_,56.61µm
_3210_,56.61µm
_3351_,56.56µm
_2322_,56.1µm
_3888_,56.1µm
net86,56.05µm
_2820_,55.59µm
_0709_,55.54µm
_1413_,55.54µm
_2249_,55.49µm
_3059_,55.49µm
_3708_,55.49µm
_0562_,55.44µm
_1889_,55.44µm
_2755_,55.44µm
net126,55.03µm
_2352_,54.98µm
_3757_,54.98µm
u_core.topi\[4\],54.98µm
_1611_,54.88µm
_4113_,54.88µm
_1684_,54.67µm
fdiq_fd_in_data\[8\],54.47µm
_2737_,54.42µm
_2749_,54.42µm
_0745_,54.37µm
_1004_,54.37µm
_1422_,54.37µm
_2803_,53.96µm
_0348_,53.91µm
_3183_,53.91µm
_4067_,53.91µm
_0922_,53.86µm
_2331_,53.86µm
_3097_,53.86µm
net97,53.81µm
_0890_,53.76µm
_1207_,53.76µm
_1625_,53.76µm
_0164_,53.3µm
_2065_,53.3µm
_0295_,53.25µm
_2932_,53.25µm
_3957_,53.25µm
_0512_,53.2µm
u_core.topi\[2\],52.84µm
_2445_,52.74µm
_2477_,52.74µm
_4129_,52.74µm
_0230_,52.69µm
_0365_,52.69µm
_0375_,52.69µm
clknet_4_7_0_clk_i_regs,52.64µm
_1017_,52.18µm
_2401_,52.18µm
_2356_,52.13µm
_3068_,52.13µm
_3148_,52.13µm
_0847_,52.08µm
_0160_,51.62µm
_4160_,51.52µm
u_core.re_q_hi\[6\],51.48µm
u_core.topr\[5\],51.11µm
_0276_,51.06µm
_1368_,51.06µm
_0941_,51.01µm
_1596_,51.01µm
_4092_,51.01µm
_0466_,50.6µm
_3258_,50.6µm
_2687_,50.55µm
_1589_,50.5µm
_2748_,50.5µm
_1490_,49.99µm
_0589_,49.94µm
_0918_,49.94µm
_0335_,49.89µm
_0305_,49.84µm
net57,49.84µm
_0728_,49.43µm
net143,49.38µm
_0508_,49.33µm
_1260_,49.33µm
_2238_,49.33µm
_2958_,49.33µm
_2784_,49.28µm
_3338_,49.28µm
_3758_,49.28µm
u_sch.stage\[0\],48.92µm
_1831_,48.82µm
_3723_,48.82µm
_0563_,48.77µm
_1475_,48.77µm
_1932_,48.77µm
_3005_,48.77µm
_3607_,48.77µm
_3312_,48.26µm
_3317_,48.26µm
_0355_,48.21µm
_0676_,48.21µm
_2672_,48.21µm
_2767_,48.21µm
_3026_,48.21µm
_1152_,48.16µm
_1562_,48.16µm
_1849_,48.16µm
_2560_,48.16µm
u_sch.grp\[1\],47.85µm
_2969_,47.7µm
net92,47.7µm
_1116_,47.65µm
_3307_,47.65µm
u_core.topr\[12\],47.65µm
_3132_,47.6µm
_3254_,47.6µm
_4055_,47.6µm
_0477_,47.14µm
_0587_,47.09µm
_1545_,47.09µm
_1561_,47.04µm
_1621_,47.04µm
_1854_,47.04µm
_3327_,47.04µm
_1407_,46.63µm
_0180_,46.58µm
_0322_,46.58µm
_0429_,46.58µm
_4123_,46.58µm
u_sch.grp\[4\],46.58µm
_0304_,46.53µm
_1373_,46.48µm
u_core.im_d\[11\],46.39µm
_1436_,46.12µm
u_map.emit_counter\[0\],46.07µm
_1184_,45.97µm
_3054_,45.97µm
_3672_,45.97µm
_0856_,45.92µm
_1506_,45.92µm
_1926_,45.92µm
_3074_,45.92µm
_3763_,45.92µm
_3853_,45.56µm
_1837_,45.51µm
_2099_,45.51µm
_3625_,45.51µm
_1540_,45.46µm
_2738_,45.46µm
_3064_,45.46µm
_3703_,45.46µm
_4090_,45.46µm
load_ptr\[5\],45.46µm
_0427_,45.41µm
_1113_,45.41µm
_4096_,45.41µm
_4167_,45.41µm
_1950_,45.36µm
_3297_,45.36µm
u_sch.cnt\[1\],45.36µm
_0497_,44.95µm
_1096_,44.9µm
_2733_,44.9µm
_2891_,44.9µm
_2988_,44.9µm
_3119_,44.9µm
_4102_,44.9µm
_1298_,44.85µm
fdiq_fd_in_data\[12\],44.85µm
_1130_,44.8µm
_2104_,44.8µm
_2781_,44.8µm
u_core.re_q_hi\[5\],44.76µm
_3105_,44.39µm
_2373_,44.34µm
_3224_,44.34µm
_3756_,44.34µm
_0217_,44.29µm
_1185_,44.29µm
_3144_,44.29µm
_3418_,44.29µm
_1530_,44.24µm
_1652_,44.24µm
_3065_,43.93µm
fdiq_fd_in_data\[13\],43.83µm
map_out_valid,43.83µm
_1897_,43.78µm
_2611_,43.78µm
_4081_,43.78µm
u_core.topr\[9\],43.78µm
_0705_,43.73µm
_1005_,43.73µm
_3345_,43.73µm
_2294_,43.68µm
_3187_,43.68µm
net95,43.32µm
_3110_,43.22µm
_3956_,43.22µm
_0421_,43.17µm
_3001_,43.17µm
_3221_,43.17µm
_3519_,43.17µm
_3872_,43.17µm
_0551_,43.12µm
_1609_,43.12µm
_2842_,43.12µm
_2880_,43.12µm
_3193_,43.12µm
_2273_,42.89µm
_3692_,42.76µm
_3181_,42.71µm
_1011_,42.66µm
_3043_,42.66µm
_3302_,42.66µm
_4017_,42.66µm
_4174_,42.66µm
u_sch.grp\[0\],42.66µm
_0236_,42.61µm
_0666_,42.61µm
_0678_,42.61µm
_0743_,42.61µm
_1525_,42.61µm
_3049_,42.61µm
_3128_,42.61µm
_3715_,42.61µm
_1439_,42.56µm
_0496_,42.2µm
_1534_,42.15µm
_3171_,42.15µm
_2156_,42.1µm
_2345_,42.1µm
_0895_,42.05µm
_2181_,42µm
_2360_,42µm
cmd_op_r\[2\],41.59µm
_0475_,41.54µm
_0908_,41.54µm
_1055_,41.54µm
_3092_,41.54µm
_1293_,41.49µm
_1860_,41.49µm
_2776_,41.49µm
_2798_,41.49µm
_0959_,41.44µm
_1657_,41.44µm
_2804_,41.44µm
_3326_,41.44µm
_2205_,41.03µm
_1507_,40.93µm
_3583_,40.93µm
u_core.topi\[11\],40.93µm
_3988_,40.88µm
_4022_,40.88µm
_2094_,40.47µm
_0457_,40.42µm
_1052_,40.42µm
_2407_,40.42µm
_2507_,40.42µm
_2812_,40.42µm
_0980_,40.37µm
_0988_,40.37µm
_1023_,40.37µm
_1928_,40.37µm
u_core.topi\[10\],40.37µm
_0369_,40.32µm
_0722_,40.32µm
_1581_,40.32µm
_3174_,40.32µm
_3737_,40.32µm
_1037_,39.91µm
_1424_,39.86µm
_0649_,39.81µm
_1030_,39.81µm
_3246_,39.81µm
_3420_,39.81µm
_3866_,39.81µm
_3886_,39.81µm
_1374_,39.76µm
_1416_,39.76µm
_3428_,39.76µm
_3541_,39.76µm
load_ptr\[1\],39.76µm
net93,39.76µm
_0586_,39.35µm
_1249_,39.35µm
_1845_,39.3µm
u_core.topi\[3\],39.3µm
_0485_,39.25µm
_0491_,39.25µm
_2884_,39.25µm
_2918_,39.25µm
_3226_,39.25µm
_3243_,39.25µm
_0203_,38.74µm
_0692_,38.74µm
_1363_,38.74µm
_2847_,38.74µm
_0582_,38.69µm
_0608_,38.69µm
_0627_,38.69µm
_1477_,38.69µm
_3120_,38.69µm
_3305_,38.69µm
_2250_,38.64µm
_3220_,38.64µm
_3441_,38.64µm
_2359_,38.28µm
_1255_,38.23µm
_1466_,38.23µm
_0367_,38.18µm
_0411_,38.18µm
_3223_,38.18µm
_3844_,38.18µm
_3848_,38.18µm
clknet_4_6_0_clk_i_regs,38.18µm
_0456_,38.13µm
_1887_,38.13µm
_2163_,38.13µm
_2553_,38.13µm
_2909_,38.13µm
_3270_,38.13µm
_0848_,38.08µm
_2994_,38.08µm
_3402_,38.08µm
_1582_,37.62µm
_2227_,37.62µm
_2435_,37.62µm
_2508_,37.62µm
_0159_,37.57µm
_1094_,37.57µm
_1198_,37.57µm
_1262_,37.57µm
_1382_,37.57µm
_1423_,37.57µm
_2253_,37.57µm
_2343_,37.57µm
_2799_,37.57µm
_2865_,37.57µm
_3529_,37.57µm
_1519_,37.52µm
_1911_,37.21µm
_1267_,37.11µm
_0296_,37.06µm
_1035_,37.06µm
_1438_,37.06µm
_1688_,37.06µm
_3714_,37.06µm
_3864_,37.06µm
_4181_,37.06µm
_0853_,37.01µm
_3021_,37.01µm
fdiq_fd_in_data\[14\],37.01µm
u_core.topi\[14\],37.01µm
_3553_,36.96µm
_3743_,36.96µm
_3860_,36.96µm
net35,36.6µm
_3881_,36.55µm
_1000_,36.5µm
_1952_,36.5µm
_3228_,36.5µm
_3236_,36.5µm
_3447_,36.5µm
_0931_,36.45µm
_1379_,36.45µm
_1478_,36.45µm
_1814_,36.45µm
_1836_,36.45µm
_3337_,36.45µm
_3352_,36.45µm
net58,36.45µm
_0796_,36.4µm
_1180_,36.4µm
_3687_,36.4µm
_3679_,35.99µm
_2887_,35.94µm
tw_re\[1\],35.94µm
_1192_,35.89µm
_1585_,35.89µm
_2679_,35.89µm
_3138_,35.89µm
_2953_,35.84µm
_3870_,35.84µm
u_fdiq.sample_count\[3\],35.48µm
_0326_,35.43µm
_1973_,35.43µm
_2903_,35.43µm
_0925_,35.38µm
_1307_,35.38µm
_1383_,35.38µm
_1774_,35.38µm
_2186_,35.38µm
_3249_,35.38µm
_3278_,35.38µm
_3753_,35.38µm
_0443_,35.33µm
_1768_,35.33µm
_3698_,35.33µm
_0559_,35.28µm
_1014_,35.28µm
_2555_,35.28µm
_3166_,35.28µm
core_sat,35.28µm
net81,35.14µm
_1320_,34.87µm
_3216_,34.87µm
_3734_,34.87µm
_3879_,34.87µm
_0486_,34.82µm
_0672_,34.82µm
_1073_,34.82µm
_1498_,34.82µm
_1691_,34.82µm
_2071_,34.82µm
_2219_,34.82µm
_3067_,34.82µm
_3712_,34.82µm
_0424_,34.77µm
_2142_,34.77µm
_2405_,34.77µm
_2529_,34.77µm
_2924_,34.77µm
_3661_,34.77µm
_3812_,34.77µm
status_sticky,34.77µm
_2319_,34.72µm
_3549_,34.72µm
net443,34.72µm
_2155_,34.36µm
_1894_,34.31µm
_3869_,34.31µm
_0480_,34.26µm
_0594_,34.26µm
_3893_,34.26µm
_3900_,34.26µm
_1458_,34.21µm
_1569_,34.21µm
_3328_,34.21µm
_4165_,34.21µm
_0855_,34.16µm
_1700_,34.16µm
_3731_,34.16µm
_3792_,34.16µm
u_sch.cnt\[0\],33.85µm
_0902_,33.75µm
_3810_,33.75µm
_1278_,33.7µm
_1819_,33.7µm
_2017_,33.7µm
_2044_,33.7µm
_0434_,33.65µm
_0579_,33.65µm
_0790_,33.65µm
_3140_,33.65µm
_3215_,33.65µm
_0352_,33.6µm
_2626_,33.6µm
_3057_,33.24µm
u_core.topr\[2\],33.19µm
_1241_,33.14µm
_1471_,33.14µm
_1798_,33.14µm
_3234_,33.14µm
_3680_,33.14µm
u_fdiq.I_byte\[7\],33.14µm
_0876_,33.09µm
_0882_,33.09µm
_1248_,33.09µm
_1881_,33.09µm
_2158_,33.09µm
_2714_,33.09µm
_3031_,33.09µm
_3465_,33.09µm
net365,33.09µm
_0380_,33.04µm
_0578_,33.04µm
_2713_,33.04µm
_3012_,33.04µm
_3517_,33.04µm
_3660_,33.04µm
_3245_,32.68µm
load_ptr\[4\],32.68µm
_2649_,32.63µm
_3450_,32.63µm
_0175_,32.58µm
_0189_,32.58µm
_1261_,32.58µm
_1563_,32.58µm
_1598_,32.58µm
_2330_,32.58µm
_2439_,32.58µm
u_sch.cnt\[6\],32.58µm
net38,32.58µm
_2025_,32.53µm
_2128_,32.53µm
_2632_,32.53µm
_3269_,32.53µm
_3862_,32.53µm
_3959_,32.53µm
net69,32.53µm
_0832_,32.48µm
_1292_,32.48µm
_1893_,32.48µm
_2430_,32.48µm
_3403_,32.48µm
_4088_,32.48µm
net46,32.48µm
_1427_,32.12µm
_0294_,32.02µm
_0568_,32.02µm
_0852_,32.02µm
_0859_,32.02µm
_2157_,32.02µm
_2573_,32.02µm
_3733_,32.02µm
_0281_,31.97µm
_0289_,31.97µm
_0403_,31.97µm
_0437_,31.97µm
_1361_,31.97µm
_1369_,31.97µm
_2627_,31.97µm
_4065_,31.97µm
_1830_,31.92µm
_2537_,31.92µm
_3823_,31.92µm
_3898_,31.92µm
u_core.topr\[14\],31.92µm
_2584_,31.56µm
_1801_,31.51µm
_2051_,31.51µm
u_fdiq.sample_count\[2\],31.51µm
_0686_,31.46µm
_0816_,31.46µm
_1804_,31.46µm
_1980_,31.46µm
_2201_,31.46µm
_2875_,31.46µm
_2946_,31.46µm
_3861_,31.46µm
u_fdiq.I_byte\[5\],31.46µm
u_sch.cnt\[4\],31.46µm
_1059_,31.41µm
_1461_,31.41µm
_1492_,31.41µm
_2184_,31.41µm
_2377_,31.41µm
_2724_,31.41µm
_3382_,31.41µm
_3632_,31.41µm
_0202_,31.36µm
_0493_,31.36µm
_0742_,31.36µm
_1485_,31.36µm
_1567_,31.36µm
_1648_,31.36µm
net376,31.36µm
_3281_,31µm
_3852_,31µm
_3225_,30.95µm
_1476_,30.9µm
_3173_,30.9µm
_3488_,30.9µm
_3655_,30.9µm
_3702_,30.9µm
_1574_,30.85µm
_1868_,30.85µm
_2010_,30.85µm
_2590_,30.85µm
_3020_,30.85µm
_3248_,30.85µm
_3330_,30.85µm
_3357_,30.85µm
_3361_,30.85µm
_3528_,30.85µm
net54,30.85µm
_0484_,30.8µm
_1454_,30.8µm
u_core.im_d\[0\],30.66µm
_2167_,30.44µm
u_core.topr\[10\],30.44µm
_0801_,30.39µm
_2202_,30.39µm
_3027_,30.39µm
_3118_,30.39µm
_3429_,30.39µm
_3716_,30.39µm
_3855_,30.39µm
_0894_,30.34µm
_0986_,30.34µm
_1397_,30.34µm
_3130_,30.34µm
_3313_,30.34µm
_3873_,30.34µm
_3945_,30.34µm
net406,30.34µm
_0215_,30.29µm
_0645_,30.29µm
_2220_,30.29µm
_2640_,30.29µm
_3047_,30.29µm
_3374_,30.29µm
_0657_,30.24µm
_1396_,30.24µm
_1653_,30.24µm
_2664_,30.24µm
_3409_,30.24µm
_3887_,30.24µm
u_sch.grp\[6\],30.24µm
_2989_,29.96µm
_0435_,29.88µm
_0458_,29.83µm
_1366_,29.83µm
_1406_,29.83µm
_2229_,29.83µm
_2233_,29.83µm
_2885_,29.83µm
_1151_,29.78µm
u_core.topi\[0\],29.78µm
_0005_,29.73µm
_0573_,29.73µm
_0626_,29.73µm
_0983_,29.73µm
_1229_,29.73µm
_1445_,29.73µm
_1963_,29.73µm
_2009_,29.73µm
_2610_,29.73µm
_2651_,29.73µm
_3991_,29.73µm
_4107_,29.73µm
u_core.topr\[7\],29.73µm
_0256_,29.68µm
_3373_,29.68µm
_3381_,29.68µm
u_core.state\[2\],29.68µm
_2123_,29.37µm
_3896_,29.32µm
_0823_,29.27µm
_1062_,29.27µm
_1575_,29.27µm
_1927_,29.27µm
_1451_,29.22µm
_2543_,29.22µm
_2955_,29.22µm
_0178_,29.17µm
_0248_,29.17µm
_0444_,29.17µm
_0838_,29.17µm
_1375_,29.17µm
_1401_,29.17µm
_1430_,29.17µm
_1823_,29.17µm
_1942_,29.17µm
_1997_,29.17µm
_2022_,29.17µm
_2080_,29.17µm
_2146_,29.17µm
_2168_,29.17µm
_2327_,29.17µm
_2917_,29.17µm
_3061_,29.17µm
_3247_,29.17µm
_3504_,29.17µm
_3741_,29.17µm
_3826_,29.17µm
u_tw.base_re\[1\],29.17µm
_1235_,29.12µm
_1270_,29.12µm
_1564_,29.12µm
_1689_,29.12µm
_2911_,28.76µm
_1655_,28.71µm
_2318_,28.71µm
_2532_,28.71µm
_2854_,28.71µm
fdiq_fd_in_data\[15\],28.71µm
_0398_,28.66µm
_1846_,28.66µm
_2056_,28.66µm
_3251_,28.66µm
_3445_,28.66µm
_3631_,28.66µm
_0981_,28.61µm
_1107_,28.61µm
_1221_,28.61µm
_1259_,28.61µm
_1513_,28.61µm
_1914_,28.61µm
_1985_,28.61µm
_2000_,28.61µm
_2245_,28.61µm
_3700_,28.61µm
_0259_,28.56µm
_1217_,28.56µm
_1467_,28.56µm
_2209_,28.56µm
_2266_,28.56µm
_2279_,28.56µm
_2823_,28.56µm
_3143_,28.56µm
_3219_,28.56µm
_3506_,28.56µm
u_core.topr\[3\],28.25µm
_0637_,28.15µm
_0963_,28.15µm
_0499_,28.1µm
_0860_,28.1µm
_1145_,28.1µm
_2038_,28.1µm
_2517_,28.1µm
_2914_,28.1µm
_3460_,28.1µm
_1403_,28.05µm
_1536_,28.05µm
_3663_,28.05µm
_3809_,28.05µm
load_ptr\[0\],28.05µm
clknet_4_3_0_clk_i_regs,28.05µm
_0371_,28µm
_1886_,28µm
_2032_,28µm
_2122_,28µm
_2151_,28µm
_3153_,28µm
_3485_,28µm
_0247_,27.64µm
_2058_,27.59µm
_3412_,27.59µm
_1074_,27.54µm
_1463_,27.54µm
_1987_,27.54µm
_3500_,27.54µm
_0613_,27.49µm
_0905_,27.49µm
_1129_,27.49µm
_1295_,27.49µm
_1631_,27.49µm
_2019_,27.49µm
_3041_,27.49µm
_4000_,27.49µm
_4002_,27.49µm
net7,27.49µm
_1137_,27.44µm
_1287_,27.44µm
_1347_,27.44µm
_1966_,27.44µm
_2074_,27.44µm
_2396_,27.44µm
_2436_,27.44µm
_3880_,27.44µm
_3912_,27.44µm
_4094_,27.16µm
_0517_,27.03µm
_2549_,27.03µm
u_core.topi\[9\],27.03µm
_0972_,26.98µm
_2154_,26.98µm
_2471_,26.98µm
_3169_,26.98µm
_3828_,26.98µm
_0334_,26.93µm
_0539_,26.93µm
_0749_,26.93µm
_1246_,26.93µm
_1314_,26.93µm
_2176_,26.93µm
_2964_,26.93µm
_3237_,26.93µm
_3324_,26.93µm
_3414_,26.93µm
_3491_,26.93µm
net40,26.93µm
_0788_,26.88µm
_3029_,26.88µm
_3495_,26.88µm
_4004_,26.88µm
_0565_,26.47µm
_1281_,26.47µm
_3739_,26.47µm
_0668_,26.42µm
_0746_,26.42µm
_0750_,26.42µm
_1833_,26.42µm
_2127_,26.42µm
_2881_,26.42µm
_2892_,26.42µm
_3030_,26.42µm
_3829_,26.42µm
_4009_,26.42µm
_4099_,26.42µm
_0136_,26.37µm
_0810_,26.37µm
_1279_,26.37µm
_2001_,26.37µm
_3218_,26.37µm
_3760_,26.37µm
_0780_,26.32µm
_0783_,26.32µm
_1170_,26.32µm
_1996_,26.32µm
_2712_,26.32µm
_0945_,25.96µm
u_map.emit_counter\[3\],25.96µm
_0999_,25.91µm
_1310_,25.91µm
_2110_,25.91µm
_0183_,25.86µm
_0721_,25.86µm
_0753_,25.86µm
_1675_,25.86µm
_3336_,25.86µm
_0197_,25.81µm
_0532_,25.81µm
_0867_,25.81µm
_0937_,25.81µm
_1289_,25.81µm
_2240_,25.81µm
_2275_,25.81µm
_3124_,25.81µm
_3161_,25.81µm
_0849_,25.76µm
_1731_,25.76µm
_1399_,25.4µm
u_fdiq.sample_count\[1\],25.4µm
_1090_,25.35µm
_1701_,25.35µm
_3821_,25.35µm
u_sch.grp\[2\],25.35µm
_1239_,25.3µm
_2625_,25.3µm
clknet_4_2_0_clk_i_regs,25.3µm
net414,25.3µm
_0476_,25.25µm
_0760_,25.25µm
_1412_,25.25µm
_1706_,25.25µm
_2115_,25.25µm
_2682_,25.25µm
_3515_,25.25µm
_3735_,25.25µm
_3752_,25.25µm
_3790_,25.25µm
load_ptr\[6\],25.25µm
_1571_,25.2µm
_1727_,25.2µm
_1883_,25.2µm
_0408_,24.79µm
_1124_,24.79µm
_1199_,24.79µm
_1414_,24.79µm
_2061_,24.79µm
_2137_,24.79µm
_3738_,24.79µm
_0168_,24.74µm
_0372_,24.74µm
_0605_,24.74µm
_0646_,24.74µm
_0695_,24.74µm
_1299_,24.74µm
_1434_,24.74µm
_2777_,24.74µm
_3253_,24.74µm
_3630_,24.74µm
_3694_,24.74µm
_0319_,24.69µm
_0648_,24.69µm
_1009_,24.69µm
_1123_,24.69µm
_1280_,24.69µm
_1340_,24.69µm
_2254_,24.69µm
_2544_,24.69µm
_2556_,24.69µm
_2623_,24.69µm
_2987_,24.69µm
_3089_,24.69µm
_3133_,24.69µm
_3608_,24.69µm
_3616_,24.69µm
_3710_,24.69µm
_0075_,24.64µm
_1174_,24.64µm
_1253_,24.64µm
_1482_,24.64µm
_1646_,24.64µm
_2572_,24.64µm
_2825_,24.64µm
_3492_,24.64µm
_3494_,24.64µm
_0883_,24.23µm
_1247_,24.23µm
_3167_,24.23µm
_3238_,24.23µm
_3564_,24.23µm
_0650_,24.18µm
_1884_,24.18µm
_2191_,24.18µm
_2223_,24.18µm
_2750_,24.18µm
_3380_,24.18µm
_3774_,24.18µm
_3960_,24.18µm
_0006_,24.13µm
_0274_,24.13µm
_0787_,24.13µm
_1002_,24.13µm
_1079_,24.13µm
_1627_,24.13µm
_2026_,24.13µm
_3024_,24.13µm
_3510_,24.13µm
u_core.topi\[7\],24.13µm
_2491_,24.08µm
_2740_,24.08µm
_3192_,24.08µm
_3360_,24.08µm
_3463_,24.08µm
_4108_,24.08µm
_4141_,24.08µm
_1268_,23.67µm
_2208_,23.67µm
_3322_,23.67µm
_0505_,23.62µm
_1398_,23.62µm
_1447_,23.62µm
_2136_,23.62µm
_2140_,23.62µm
_2486_,23.62µm
_2783_,23.62µm
_3464_,23.62µm
_4126_,23.62µm
u_fdiq.I_byte\[1\],23.62µm
net94,23.62µm
_0226_,23.57µm
_0449_,23.57µm
_1189_,23.57µm
_1390_,23.57µm
_1617_,23.57µm
_1633_,23.57µm
_1636_,23.57µm
_2108_,23.57µm
_2461_,23.57µm
_2472_,23.57µm
_2583_,23.57µm
_2846_,23.57µm
_3135_,23.57µm
_3239_,23.57µm
_3379_,23.57µm
net49,23.57µm
_1442_,23.52µm
_1857_,23.52µm
_3493_,23.52µm
_3516_,23.52µm
_4082_,23.52µm
_0951_,23.29µm
_2567_,23.11µm
_2908_,23.11µm
_1053_,23.06µm
_1242_,23.06µm
_1516_,23.06µm
_2024_,23.06µm
_2162_,23.06µm
_3242_,23.06µm
_3244_,23.06µm
_3399_,23.06µm
_3468_,23.06µm
_3711_,23.06µm
_4041_,23.06µm
_0265_,23.01µm
_0439_,23.01µm
_0850_,23.01µm
_0868_,23.01µm
_0929_,23.01µm
_1533_,23.01µm
_1559_,23.01µm
_2012_,23.01µm
_2900_,23.01µm
_3023_,23.01µm
_3423_,23.01µm
_3446_,23.01µm
_3764_,23.01µm
u_fdiq.I_byte\[0\],23.01µm
_0921_,22.96µm
_0924_,22.96µm
_1171_,22.96µm
_1330_,22.96µm
_2272_,22.96µm
_2497_,22.96µm
_2540_,22.96µm
_2963_,22.96µm
_3419_,22.96µm
_3436_,22.96µm
_3845_,22.96µm
_0602_,22.5µm
_0664_,22.5µm
_0694_,22.5µm
_1254_,22.5µm
_1580_,22.5µm
_2468_,22.5µm
_3040_,22.5µm
_3736_,22.5µm
_0583_,22.45µm
_0607_,22.45µm
_1041_,22.45µm
_1531_,22.45µm
_1603_,22.45µm
_1792_,22.45µm
_2053_,22.45µm
_2078_,22.45µm
_2096_,22.45µm
_2300_,22.45µm
_2311_,22.45µm
_2717_,22.45µm
_2728_,22.45µm
_3201_,22.45µm
_3584_,22.45µm
_0689_,22.4µm
_2189_,22.4µm
_2957_,22.4µm
_3685_,22.4µm
tw_im\[3\],22.4µm
u_sch.cnt\[2\],22.4µm
_0339_,22.04µm
_3822_,22.04µm
_1964_,21.99µm
_0300_,21.94µm
_0446_,21.94µm
_0841_,21.94µm
_1250_,21.94µm
_2089_,21.94µm
_2603_,21.94µm
_3141_,21.94µm
cmd_op_r\[0\],21.94µm
load_ptr\[2\],21.94µm
_0022_,21.89µm
_0653_,21.89µm
_1015_,21.89µm
_1126_,21.89µm
_1206_,21.89µm
_1553_,21.89µm
_1949_,21.89µm
_2150_,21.89µm
_2793_,21.89µm
_3596_,21.89µm
_3938_,21.89µm
u_core.topi\[5\],21.89µm
u_fdiq.I_byte\[3\],21.89µm
_1110_,21.84µm
_1265_,21.84µm
_2244_,21.84µm
_2256_,21.84µm
_2370_,21.84µm
_3815_,21.84µm
_3941_,21.84µm
_3944_,21.84µm
_3824_,21.43µm
_0405_,21.38µm
_0741_,21.38µm
_1306_,21.38µm
_2046_,21.38µm
_2335_,21.38µm
_2346_,21.38µm
_2720_,21.38µm
_2889_,21.38µm
_2961_,21.38µm
_3070_,21.38µm
_3499_,21.38µm
_0238_,21.33µm
_0239_,21.33µm
_0249_,21.33µm
_0468_,21.33µm
_0770_,21.33µm
_1125_,21.33µm
_2213_,21.33µm
_2236_,21.33µm
_2558_,21.33µm
_3366_,21.33µm
_3372_,21.33µm
_3537_,21.33µm
_3726_,21.33µm
_4142_,21.33µm
u_map.emit_counter\[2\],21.33µm
_0055_,21.28µm
_0112_,21.28µm
_0212_,21.28µm
_0336_,21.28µm
_2241_,21.28µm
_3168_,21.28µm
_3212_,21.28µm
_3440_,21.28µm
net344,21.28µm
scan_out_o,21.19µm
_2153_,20.92µm
_2562_,20.92µm
_0674_,20.87µm
_1747_,20.87µm
_2088_,20.87µm
_2986_,20.87µm
_0225_,20.82µm
_0528_,20.82µm
_0758_,20.82µm
_1135_,20.82µm
_1465_,20.82µm
_1821_,20.82µm
_1873_,20.82µm
_2072_,20.82µm
_2133_,20.82µm
_2790_,20.82µm
_3233_,20.82µm
_0134_,20.77µm
_0235_,20.77µm
_0442_,20.77µm
_1109_,20.77µm
_1182_,20.77µm
_1294_,20.77µm
_1460_,20.77µm
_1511_,20.77µm
_1539_,20.77µm
_1626_,20.77µm
_1759_,20.77µm
_2008_,20.77µm
_2059_,20.77µm
_2588_,20.77µm
_3002_,20.77µm
_3332_,20.77µm
_3719_,20.77µm
_4007_,20.77µm
_0094_,20.72µm
_0219_,20.72µm
_0671_,20.72µm
_0675_,20.72µm
_0724_,20.72µm
_0946_,20.72µm
_2323_,20.72µm
_2416_,20.72µm
_2574_,20.72µm
_3576_,20.72µm
cmd_pulse,20.72µm
_1139_,20.31µm
_1605_,20.31µm
_3656_,20.31µm
_4120_,20.31µm
u_core.topr\[13\],20.31µm
_0410_,20.26µm
_0506_,20.26µm
_0732_,20.26µm
_0977_,20.26µm
_1069_,20.26µm
_1810_,20.26µm
_2043_,20.26µm
_2228_,20.26µm
_2702_,20.26µm
_2874_,20.26µm
_3222_,20.26µm
_4072_,20.26µm
_0021_,20.21µm
_0384_,20.21µm
_0396_,20.21µm
_0469_,20.21µm
_0580_,20.21µm
_0623_,20.21µm
_0769_,20.21µm
_0781_,20.21µm
_0909_,20.21µm
_0974_,20.21µm
_1043_,20.21µm
_1389_,20.21µm
_1541_,20.21µm
_1958_,20.21µm
_2067_,20.21µm
_2217_,20.21µm
_2286_,20.21µm
_2699_,20.21µm
_2843_,20.21µm
_2973_,20.21µm
_3010_,20.21µm
_3042_,20.21µm
u_fdiq.I_byte\[4\],20.21µm
net43,20.21µm
_0419_,20.16µm
_0795_,20.16µm
_0906_,20.16µm
_0952_,20.16µm
_1231_,20.16µm
_1724_,20.16µm
_1822_,20.16µm
_1870_,20.16µm
_1895_,20.16µm
_2116_,20.16µm
_2185_,20.16µm
_2371_,20.16µm
_2538_,20.16µm
_3008_,20.16µm
_3308_,20.16µm
net405,20.16µm
_0002_,19.7µm
_0503_,19.7µm
_0610_,19.7µm
_0655_,19.7µm
_0775_,19.7µm
_1082_,19.7µm
_1177_,19.7µm
_1435_,19.7µm
_2170_,19.7µm
_2681_,19.7µm
_3046_,19.7µm
_3255_,19.7µm
_3483_,19.7µm
_3627_,19.7µm
_3856_,19.7µm
_3889_,19.7µm
core_read_valid,19.7µm
u_core.botr\[0\],19.7µm
u_sch.cnt\[7\],19.7µm
_0191_,19.65µm
_0879_,19.65µm
_1088_,19.65µm
_1258_,19.65µm
_1291_,19.65µm
_1637_,19.65µm
_2039_,19.65µm
_2045_,19.65µm
_2182_,19.65µm
_3653_,19.65µm
_3791_,19.65µm
_4151_,19.65µm
_0129_,19.6µm
_0667_,19.6µm
_0887_,19.6µm
_0903_,19.6µm
_1007_,19.6µm
_1175_,19.6µm
_1327_,19.6µm
_1882_,19.6µm
_2120_,19.6µm
_2586_,19.6µm
_3039_,19.6µm
_3310_,19.6µm
_3363_,19.6µm
_3367_,19.6µm
_4176_,19.6µm
_0177_,19.19µm
_2420_,19.19µm
_4138_,19.19µm
_0283_,19.14µm
_0570_,19.14µm
_0651_,19.14µm
_0818_,19.14µm
_1159_,19.14µm
_1164_,19.14µm
_1168_,19.14µm
_1457_,19.14µm
_1970_,19.14µm
_2695_,19.14µm
_4028_,19.14µm
_0059_,19.09µm
_0111_,19.09µm
_0269_,19.09µm
_0402_,19.09µm
_0463_,19.09µm
_0549_,19.09µm
_0619_,19.09µm
_1510_,19.09µm
_1592_,19.09µm
_2011_,19.09µm
_2062_,19.09µm
_2131_,19.09µm
_2304_,19.09µm
_2692_,19.09µm
_2872_,19.09µm
_2933_,19.09µm
_2966_,19.09µm
_3131_,19.09µm
_3263_,19.09µm
_3301_,19.09µm
_3304_,19.09µm
_3487_,19.09µm
_3628_,19.09µm
_4018_,19.09µm
_4189_,19.09µm
_1551_,19.04µm
_2141_,19.04µm
_2284_,19.04µm
_2566_,19.04µm
_2617_,19.04µm
_3199_,19.04µm
_3388_,19.04µm
_3452_,19.04µm
_3567_,19.04µm
net396,19.04µm
_0240_,18.81µm
_0622_,18.63µm
_0930_,18.63µm
_1063_,18.63µm
_1789_,18.63µm
_1982_,18.63µm
_2912_,18.63µm
_3892_,18.63µm
_0654_,18.58µm
_1276_,18.58µm
_1681_,18.58µm
_1780_,18.58µm
_1838_,18.58µm
_2138_,18.58µm
_2604_,18.58µm
_3137_,18.58µm
_3343_,18.58µm
_3350_,18.58µm
_3890_,18.58µm
_0012_,18.53µm
_0501_,18.53µm
_0572_,18.53µm
_0833_,18.53µm
_1867_,18.53µm
_2100_,18.53µm
_2264_,18.53µm
_2493_,18.53µm
_2715_,18.53µm
_2925_,18.53µm
_3162_,18.53µm
_3214_,18.53µm
_3742_,18.53µm
u_core.topr\[6\],18.53µm
_0471_,18.48µm
_0819_,18.48µm
_1021_,18.48µm
_1272_,18.48µm
_1583_,18.48µm
_2289_,18.48µm
_2645_,18.48µm
_2822_,18.48µm
_3198_,18.48µm
_3331_,18.48µm
_3413_,18.48µm
_3481_,18.48µm
_3701_,18.48µm
_3849_,18.48µm
net12,18.48µm
u_core.topi\[13\],18.48µm
_3759_,18.25µm
_0939_,18.2µm
_1784_,18.07µm
_1913_,18.07µm
_0199_,18.02µm
_0740_,18.02µm
_1104_,18.02µm
_1131_,18.02µm
_1708_,18.02µm
_2673_,18.02µm
_2782_,18.02µm
_3507_,18.02µm
_0204_,17.97µm
_0250_,17.97µm
_0358_,17.97µm
_0362_,17.97µm
_0647_,17.97µm
_0748_,17.97µm
_0840_,17.97µm
_0907_,17.97µm
_1026_,17.97µm
_1214_,17.97µm
_1512_,17.97µm
_1844_,17.97µm
_1934_,17.97µm
_2068_,17.97µm
_2092_,17.97µm
_2183_,17.97µm
_2215_,17.97µm
_2378_,17.97µm
_2399_,17.97µm
_2774_,17.97µm
_3230_,17.97µm
_3395_,17.97µm
_3905_,17.97µm
_3910_,17.97µm
_3953_,17.97µm
_4052_,17.97µm
_4185_,17.97µm
u_core.topr\[1\],17.97µm
_0391_,17.92µm
_0827_,17.92µm
_1410_,17.92µm
_2037_,17.92µm
_3102_,17.92µm
_3160_,17.92µm
_3393_,17.92µm
_3415_,17.92µm
_3901_,17.79µm
u_map.emit_counter\[5\],17.69µm
_2897_,17.56µm
_2336_,17.51µm
_4171_,17.51µm
_0207_,17.46µm
_0987_,17.46µm
_1194_,17.46µm
_1690_,17.46µm
_2380_,17.46µm
_2501_,17.46µm
_2647_,17.46µm
_2734_,17.46µm
_2899_,17.46µm
_2998_,17.46µm
_3474_,17.46µm
_3559_,17.46µm
_3718_,17.46µm
_3730_,17.46µm
_3850_,17.46µm
_4051_,17.46µm
u_map.emit_counter\[1\],17.46µm
u_map.emit_counter\[6\],17.46µm
_0057_,17.41µm
_0095_,17.41µm
_0915_,17.41µm
_1212_,17.41µm
_1227_,17.41µm
_1663_,17.41µm
_1739_,17.41µm
_1842_,17.41µm
_1872_,17.41µm
_1971_,17.41µm
_2003_,17.41µm
_2042_,17.41µm
_2494_,17.41µm
_2962_,17.41µm
_3014_,17.41µm
_3075_,17.41µm
_3240_,17.41µm
_3314_,17.41µm
_3406_,17.41µm
_3482_,17.41µm
_3550_,17.41µm
_3874_,17.41µm
_4105_,17.41µm
_0811_,17.36µm
_1117_,17.36µm
_1163_,17.36µm
_1370_,17.36µm
_1654_,17.36µm
_1959_,17.36µm
_2509_,17.36µm
_2658_,17.36µm
_3527_,17.36µm
_3594_,17.36µm
_4054_,17.36µm
_1922_,17.08µm
_1781_,16.95µm
_2792_,16.95µm
_3919_,16.95µm
_0234_,16.9µm
_0342_,16.9µm
_0400_,16.9µm
_1301_,16.9µm
_1546_,16.9µm
_1786_,16.9µm
_2516_,16.9µm
_2706_,16.9µm
_2725_,16.9µm
_2834_,16.9µm
_2857_,16.9µm
_2948_,16.9µm
_3151_,16.9µm
_3613_,16.9µm
_3721_,16.9µm
u_fdiq.I_byte\[2\],16.9µm
u_sch.cnt\[5\],16.9µm
_0064_,16.85µm
_0123_,16.85µm
_0260_,16.85µm
_0321_,16.85µm
_0813_,16.85µm
_0954_,16.85µm
_1550_,16.85µm
_1892_,16.85µm
_2267_,16.85µm
_2358_,16.85µm
_2571_,16.85µm
_2711_,16.85µm
_3147_,16.85µm
_3202_,16.85µm
_3477_,16.85µm
_3585_,16.85µm
_3770_,16.85µm
_3897_,16.85µm
_4037_,16.85µm
_4116_,16.85µm
_4161_,16.85µm
_4173_,16.85µm
net448,16.85µm
_0218_,16.8µm
_0292_,16.8µm
_0526_,16.8µm
_0763_,16.8µm
_1102_,16.8µm
_1220_,16.8µm
_1473_,16.8µm
_1608_,16.8µm
_1852_,16.8µm
_2421_,16.8µm
_2452_,16.8µm
_2719_,16.8µm
_2960_,16.8µm
_3139_,16.8µm
_3617_,16.8µm
_4045_,16.8µm
net348,16.66µm
_1909_,16.39µm
_2694_,16.39µm
_3970_,16.39µm
_0263_,16.34µm
_0461_,16.34µm
_0737_,16.34µm
_1031_,16.34µm
_1133_,16.34µm
_1284_,16.34µm
_1411_,16.34µm
_1449_,16.34µm
_1754_,16.34µm
_1848_,16.34µm
_2674_,16.34µm
_2879_,16.34µm
_3989_,16.34µm
_4005_,16.34µm
u_core.topi\[1\],16.34µm
clk_i_regs,16.29µm
_0024_,16.29µm
_0058_,16.29µm
_0102_,16.29µm
_0158_,16.29µm
_0293_,16.29µm
_0531_,16.29µm
_0681_,16.29µm
_0785_,16.29µm
_0913_,16.29µm
_0989_,16.29µm
_1072_,16.29µm
_1111_,16.29µm
_1127_,16.29µm
_1193_,16.29µm
_1319_,16.29µm
_1354_,16.29µm
_1452_,16.29µm
_1726_,16.29µm
_1858_,16.29µm
_1861_,16.29µm
_1905_,16.29µm
_2029_,16.29µm
_2033_,16.29µm
_2040_,16.29µm
_2135_,16.29µm
_2402_,16.29µm
_2433_,16.29µm
_2481_,16.29µm
_2643_,16.29µm
_2995_,16.29µm
_3437_,16.29µm
_3859_,16.29µm
_4170_,16.29µm
_0016_,16.24µm
_0538_,16.24µm
_1114_,16.24µm
_1381_,16.24µm
_1522_,16.24µm
_2130_,16.24µm
_2287_,16.24µm
_2741_,16.24µm
_2867_,16.24µm
_2956_,16.24µm
_3052_,16.24µm
_3279_,16.24µm
_3633_,16.24µm
fdiq_fd_in_valid,16.24µm
net350,16.1µm
_1061_,15.83µm
_1187_,15.83µm
_0200_,15.78µm
_0279_,15.78µm
_0482_,15.78µm
_0529_,15.78µm
_0644_,15.78µm
_0669_,15.78µm
_1271_,15.78µm
_1308_,15.78µm
_1797_,15.78µm
_1805_,15.78µm
_2523_,15.78µm
_2807_,15.78µm
_2928_,15.78µm
_3670_,15.78µm
_3690_,15.78µm
_3972_,15.78µm
_3995_,15.78µm
_4024_,15.78µm
_0184_,15.73µm
_0327_,15.73µm
_0387_,15.73µm
_0414_,15.73µm
_0441_,15.73µm
_0599_,15.73µm
_0839_,15.73µm
_0854_,15.73µm
_1148_,15.73µm
_1288_,15.73µm
_1610_,15.73µm
_1685_,15.73µm
_1772_,15.73µm
_1800_,15.73µm
_1855_,15.73µm
_2139_,15.73µm
_2145_,15.73µm
_2207_,15.73µm
_2234_,15.73µm
_2313_,15.73µm
_2324_,15.73µm
_2424_,15.73µm
_2425_,15.73µm
_2758_,15.73µm
_2971_,15.73µm
_3073_,15.73µm
_3273_,15.73µm
_3444_,15.73µm
_4014_,15.73µm
_4111_,15.73µm
_4121_,15.73µm
net342,15.73µm
_0382_,15.68µm
_0702_,15.68µm
_0726_,15.68µm
_0875_,15.68µm
_1717_,15.68µm
_1969_,15.68µm
_2276_,15.68µm
_2736_,15.68µm
_2974_,15.68µm
_3066_,15.68µm
_3325_,15.68µm
_3370_,15.68µm
_3416_,15.68µm
_3521_,15.68µm
_4027_,15.68µm
_4075_,15.68µm
_4127_,15.68µm
_4154_,15.68µm
net,15.54µm
_0209_,15.27µm
_1864_,15.27µm
_2392_,15.27µm
_2541_,15.27µm
_2763_,15.27µm
_0606_,15.22µm
_0615_,15.22µm
_0617_,15.22µm
_0677_,15.22µm
_1313_,15.22µm
_1683_,15.22µm
_2082_,15.22µm
_2534_,15.22µm
_2630_,15.22µm
_3186_,15.22µm
_4145_,15.22µm
_4163_,15.22µm
_0338_,15.17µm
_0385_,15.17µm
_0395_,15.17µm
_0665_,15.17µm
_0866_,15.17µm
_0888_,15.17µm
_0955_,15.17µm
_0970_,15.17µm
_1047_,15.17µm
_1613_,15.17µm
_1682_,15.17µm
_1735_,15.17µm
_1775_,15.17µm
_1796_,15.17µm
_1904_,15.17µm
_2101_,15.17µm
_2198_,15.17µm
_2243_,15.17µm
_2255_,15.17µm
_2374_,15.17µm
_2408_,15.17µm
_2431_,15.17µm
_2442_,15.17µm
_2536_,15.17µm
_2678_,15.17µm
_2831_,15.17µm
_3136_,15.17µm
_3227_,15.17µm
_3459_,15.17µm
_3526_,15.17µm
_3563_,15.17µm
_3666_,15.17µm
_3928_,15.17µm
_3939_,15.17µm
_3949_,15.17µm
_3984_,15.17µm
u_tw.base_re\[4\],15.17µm
_0121_,15.12µm
_0560_,15.12µm
_0824_,15.12µm
_1025_,15.12µm
_1240_,15.12µm
_1687_,15.12µm
_2265_,15.12µm
_2316_,15.12µm
_2504_,15.12µm
_2947_,15.12µm
_2952_,15.12µm
_3109_,15.12µm
_3479_,15.12µm
_3673_,15.12µm
_3865_,15.12µm
_3998_,15.12µm
net349,14.98µm
din[6],14.98µm
_2107_,14.71µm
_0328_,14.66µm
_0683_,14.66µm
_0751_,14.66µm
_0778_,14.66µm
_0779_,14.66µm
_1380_,14.66µm
_2105_,14.66µm
_2288_,14.66µm
_2338_,14.66µm
_3172_,14.66µm
_3235_,14.66µm
_3287_,14.66µm
_3421_,14.66µm
_3624_,14.66µm
_3732_,14.66µm
_0192_,14.61µm
_0723_,14.61µm
_0835_,14.61µm
_0872_,14.61µm
_0997_,14.61µm
_1213_,14.61µm
_1225_,14.61µm
_1362_,14.61µm
_1518_,14.61µm
_1705_,14.61µm
_1751_,14.61µm
_2079_,14.61µm
_2203_,14.61µm
_2283_,14.61µm
_2432_,14.61µm
_2510_,14.61µm
_2546_,14.61µm
_2552_,14.61µm
_2650_,14.61µm
_2813_,14.61µm
_2850_,14.61µm
_2851_,14.61µm
_2970_,14.61µm
_2992_,14.61µm
_3123_,14.61µm
_3282_,14.61µm
_4029_,14.61µm
_4093_,14.61µm
_0045_,14.56µm
_0151_,14.56µm
_0254_,14.56µm
_0464_,14.56µm
_0598_,14.56µm
_0656_,14.56µm
_0789_,14.56µm
_1045_,14.56µm
_1343_,14.56µm
_1555_,14.56µm
_1851_,14.56µm
_2077_,14.56µm
_2090_,14.56µm
_2542_,14.56µm
_2939_,14.56µm
_2942_,14.56µm
_3017_,14.56µm
_3319_,14.56µm
_3371_,14.56µm
_3390_,14.56µm
_4006_,14.56µm
_4089_,14.56µm
_1080_,14.15µm
_1234_,14.15µm
_1455_,14.15µm
_3077_,14.15µm
core_load_ready,14.15µm
u_sch.cnt\[8\],14.15µm
_0445_,14.1µm
_0714_,14.1µm
_1058_,14.1µm
_1136_,14.1µm
_1767_,14.1µm
_1875_,14.1µm
_1943_,14.1µm
_2084_,14.1µm
_2149_,14.1µm
_2353_,14.1µm
_2411_,14.1µm
_2869_,14.1µm
_2895_,14.1µm
_2907_,14.1µm
_3009_,14.1µm
_4187_,14.1µm
_0307_,14.05µm
_0361_,14.05µm
_0373_,14.05µm
_0533_,14.05µm
_0697_,14.05µm
_0910_,14.05µm
_0985_,14.05µm
_1049_,14.05µm
_1219_,14.05µm
_1639_,14.05µm
_1853_,14.05µm
_1896_,14.05µm
_1921_,14.05µm
_2087_,14.05µm
_2376_,14.05µm
_2739_,14.05µm
_2870_,14.05µm
_2883_,14.05µm
_2979_,14.05µm
_3127_,14.05µm
_3134_,14.05µm
_3349_,14.05µm
_3551_,14.05µm
_3571_,14.05µm
_3615_,14.05µm
_3846_,14.05µm
_4148_,14.05µm
net11,14.05µm
net440,14.05µm
_0071_,14µm
_0130_,14µm
_0337_,14µm
_0465_,14µm
_0504_,14µm
_0509_,14µm
_0553_,14µm
_0652_,14µm
_0707_,14µm
_0768_,14µm
_0803_,14µm
_1433_,14µm
_1552_,14µm
_2423_,14µm
_2533_,14µm
_2621_,14µm
_3376_,14µm
_3674_,14µm
_3684_,14µm
_4038_,14µm
_4071_,14µm
fdiq_in_ready,14µm
load_ptr\[3\],14µm
_0869_,13.59µm
_3622_,13.59µm
_4064_,13.59µm
_0169_,13.54µm
_0196_,13.54µm
_0767_,13.54µm
_0794_,13.54µm
_0995_,13.54µm
_1756_,13.54µm
_1760_,13.54µm
_2328_,13.54µm
_2492_,13.54µm
_2587_,13.54µm
_2633_,13.54µm
_2668_,13.54µm
_3205_,13.54µm
_3867_,13.54µm
_4008_,13.54µm
_4060_,13.54µm
_4062_,13.54µm
net42,13.54µm
_0068_,13.49µm
_0220_,13.49µm
_0271_,13.49µm
_0333_,13.49µm
_0618_,13.49µm
_0996_,13.49µm
_1083_,13.49µm
_1311_,13.49µm
_1358_,13.49µm
_1386_,13.49µm
_1453_,13.49µm
_1623_,13.49µm
_1871_,13.49µm
_2102_,13.49µm
_2257_,13.49µm
_2403_,13.49µm
_2438_,13.49µm
_2474_,13.49µm
_2551_,13.49µm
_2576_,13.49µm
_2642_,13.49µm
_2935_,13.49µm
_3098_,13.49µm
_3145_,13.49µm
_3277_,13.49µm
_3285_,13.49µm
_3498_,13.49µm
_3787_,13.49µm
_3891_,13.49µm
_3909_,13.49µm
_4035_,13.49µm
_0073_,13.44µm
_0074_,13.44µm
_0084_,13.44µm
_0104_,13.44µm
_0454_,13.44µm
_0821_,13.44µm
_0896_,13.44µm
_0965_,13.44µm
_1376_,13.44µm
_1591_,13.44µm
_1607_,13.44µm
_1742_,13.44µm
_2174_,13.44µm
_2295_,13.44µm
_2317_,13.44µm
_2341_,13.44µm
_2372_,13.44µm
_2489_,13.44µm
_2622_,13.44µm
_2811_,13.44µm
_2906_,13.44µm
_3154_,13.44µm
_3320_,13.44µm
_3806_,13.44µm
_4044_,13.44µm
_0356_,13.03µm
_0799_,13.03µm
_3315_,13.03µm
_3911_,13.03µm
_0344_,12.98µm
_1277_,12.98µm
_1384_,12.98µm
_1816_,12.98µm
_1885_,12.98µm
_2020_,12.98µm
_2103_,12.98µm
_2161_,12.98µm
_2395_,12.98µm
_2800_,12.98µm
_3011_,12.98µm
_3449_,12.98µm
_3486_,12.98µm
u_tw.base_re\[6\],12.98µm
_0026_,12.93µm
_0211_,12.93µm
_0324_,12.93µm
_0370_,12.93µm
_0409_,12.93µm
_0515_,12.93µm
_0731_,12.93µm
_0738_,12.93µm
_0776_,12.93µm
_0943_,12.93µm
_0998_,12.93µm
_1034_,12.93µm
_1147_,12.93µm
_1197_,12.93µm
_1404_,12.93µm
_1514_,12.93µm
_1535_,12.93µm
_1537_,12.93µm
_1755_,12.93µm
_1828_,12.93µm
_1907_,12.93µm
_2196_,12.93µm
_2282_,12.93µm
_2349_,12.93µm
_2459_,12.93µm
_2539_,12.93µm
_2606_,12.93µm
_2705_,12.93µm
_2849_,12.93µm
_2919_,12.93µm
_2999_,12.93µm
_3505_,12.93µm
_3640_,12.93µm
_3902_,12.93µm
_4178_,12.93µm
_0042_,12.88µm
_0053_,12.88µm
_0280_,12.88µm
_0306_,12.88µm
_0314_,12.88µm
_0325_,12.88µm
_0541_,12.88µm
_0830_,12.88µm
_0961_,12.88µm
_1196_,12.88µm
_1344_,12.88µm
_1578_,12.88µm
_1661_,12.88µm
_1725_,12.88µm
_1945_,12.88µm
_2005_,12.88µm
_2070_,12.88µm
_2109_,12.88µm
_2152_,12.88µm
_2177_,12.88µm
_2271_,12.88µm
_2296_,12.88µm
_2348_,12.88µm
_2383_,12.88µm
_2565_,12.88µm
_2601_,12.88µm
_2677_,12.88µm
_2786_,12.88µm
_3197_,12.88µm
_3385_,12.88µm
_3411_,12.88µm
_3458_,12.88µm
_3502_,12.88µm
_4159_,12.88µm
u_core.botr\[4\],12.88µm
u_core.topr\[0\],12.88µm
u_map.emit_counter\[4\],12.52µm
_0162_,12.47µm
_0340_,12.47µm
_1273_,12.47µm
_1783_,12.47µm
_2098_,12.47µm
_4177_,12.47µm
_0516_,12.42µm
_0534_,12.42µm
_1263_,12.42µm
_1642_,12.42µm
_1643_,12.42µm
_1910_,12.42µm
_2230_,12.42µm
_2239_,12.42µm
_2262_,12.42µm
_2745_,12.42µm
_2819_,12.42µm
_2959_,12.42µm
_2984_,12.42µm
_3103_,12.42µm
_3407_,12.42µm
_3598_,12.42µm
_3683_,12.42µm
_3883_,12.42µm
_3908_,12.42µm
_0206_,12.37µm
_0214_,12.37µm
_0316_,12.37µm
_0488_,12.37µm
_0865_,12.37µm
_0870_,12.37µm
_0923_,12.37µm
_0933_,12.37µm
_1721_,12.37µm
_1788_,12.37µm
_1813_,12.37µm
_1818_,12.37µm
_1835_,12.37µm
_1859_,12.37µm
_1903_,12.37µm
_2055_,12.37µm
_2069_,12.37µm
_2111_,12.37µm
_2357_,12.37µm
_2500_,12.37µm
_2506_,12.37µm
_2569_,12.37µm
_3125_,12.37µm
_3190_,12.37µm
_3195_,12.37µm
_3342_,12.37µm
_3408_,12.37µm
_3662_,12.37µm
_3761_,12.37µm
_3771_,12.37µm
_3783_,12.37µm
_3837_,12.37µm
_4083_,12.37µm
cmd_seen,12.37µm
u_tw.base_re\[0\],12.37µm
u_tw.base_re\[2\],12.37µm
_0195_,12.32µm
_0237_,12.32µm
_0502_,12.32µm
_0621_,12.32µm
_0920_,12.32µm
_1029_,12.32µm
_1167_,12.32µm
_1190_,12.32µm
_1205_,12.32µm
_1484_,12.32µm
_1746_,12.32µm
_1761_,12.32µm
_1829_,12.32µm
_1847_,12.32µm
_1863_,12.32µm
_1874_,12.32µm
_1975_,12.32µm
_2303_,12.32µm
_2310_,12.32µm
_2362_,12.32µm
_2455_,12.32µm
_2721_,12.32µm
_2788_,12.32µm
_2896_,12.32µm
_3000_,12.32µm
_3170_,12.32µm
_3863_,12.32µm
_4110_,12.32µm
_4172_,12.32µm
net447,12.32µm
scan_en_i,12.18µm
_4097_,12.09µm
_2490_,11.96µm
_0205_,11.91µm
_1579_,11.91µm
_1940_,11.91µm
_0315_,11.86µm
_0792_,11.86µm
_1027_,11.86µm
_1245_,11.86µm
_1309_,11.86µm
_1322_,11.86µm
_1554_,11.86µm
_1668_,11.86µm
_1702_,11.86µm
_2073_,11.86µm
_2086_,11.86µm
_2159_,11.86µm
_2410_,11.86µm
_2519_,11.86µm
_2618_,11.86µm
_2779_,11.86µm
_2835_,11.86µm
_2878_,11.86µm
_3204_,11.86µm
_3542_,11.86µm
_4124_,11.86µm
u_core.topr\[4\],11.86µm
_0106_,11.81µm
_0148_,11.81µm
_0264_,11.81µm
_0287_,11.81µm
_0308_,11.81µm
_0311_,11.81µm
_0345_,11.81µm
_0363_,11.81µm
_0374_,11.81µm
_0390_,11.81µm
_0483_,11.81µm
_0552_,11.81µm
_0558_,11.81µm
_0596_,11.81µm
_0682_,11.81µm
_0701_,11.81µm
_1044_,11.81µm
_1064_,11.81µm
_1095_,11.81µm
_1161_,11.81µm
_1244_,11.81µm
_1391_,11.81µm
_1394_,11.81µm
_1448_,11.81µm
_1711_,11.81µm
_1935_,11.81µm
_2285_,11.81µm
_2564_,11.81µm
_2616_,11.81µm
_2785_,11.81µm
_2796_,11.81µm
_2950_,11.81µm
_3378_,11.81µm
_3746_,11.81µm
_3748_,11.81µm
_3871_,11.81µm
_3904_,11.81µm
_3967_,11.81µm
_3987_,11.81µm
_4119_,11.81µm
_4153_,11.81µm
_4169_,11.81µm
u_tw.base_re\[7\],11.81µm
net386,11.81µm
_0009_,11.76µm
_0017_,11.76µm
_0041_,11.76µm
_0105_,11.76µm
_0302_,11.76µm
_0423_,11.76µm
_0600_,11.76µm
_0634_,11.76µm
_0892_,11.76µm
_1146_,11.76µm
_1223_,11.76µm
_1334_,11.76µm
_1588_,11.76µm
_1704_,11.76µm
_1715_,11.76µm
_1763_,11.76µm
_1850_,11.76µm
_1869_,11.76µm
_2060_,11.76µm
_2308_,11.76µm
_2548_,11.76µm
_2554_,11.76µm
_2557_,11.76µm
_2688_,11.76µm
_2701_,11.76µm
_2997_,11.76µm
_3159_,11.76µm
_3207_,11.76µm
_3294_,11.76µm
_3296_,11.76µm
_3417_,11.76µm
_3766_,11.76µm
_4066_,11.76µm
done_irq_o,11.62µm
_1752_,11.48µm
_0518_,11.35µm
_0717_,11.3µm
_0784_,11.3µm
_0815_,11.3µm
_0851_,11.3µm
_0899_,11.3µm
_1089_,11.3µm
_1228_,11.3µm
_1405_,11.3µm
_1989_,11.3µm
_2608_,11.3µm
_2680_,11.3µm
_2684_,11.3µm
_2770_,11.3µm
_0116_,11.25µm
_0119_,11.25µm
_0244_,11.25µm
_0379_,11.25µm
_0389_,11.25µm
_0479_,11.25µm
_0481_,11.25µm
_0561_,11.25µm
_0595_,11.25µm
_0718_,11.25µm
_0828_,11.25µm
_0831_,11.25µm
_0897_,11.25µm
_0901_,11.25µm
_0904_,11.25µm
_1010_,11.25µm
_1108_,11.25µm
_1169_,11.25µm
_1275_,11.25µm
_1543_,11.25µm
_1709_,11.25µm
_1722_,11.25µm
_1723_,11.25µm
_1900_,11.25µm
_1902_,11.25µm
_2114_,11.25µm
_2179_,11.25µm
_2199_,11.25µm
_2441_,11.25µm
_2488_,11.25µm
_2526_,11.25µm
_2615_,11.25µm
_2636_,11.25µm
_2753_,11.25µm
_2814_,11.25µm
_3165_,11.25µm
_3470_,11.25µm
_3740_,11.25µm
_3795_,11.25µm
_3927_,11.25µm
_4030_,11.25µm
_4106_,11.25µm
_4132_,11.25µm
_0251_,11.2µm
_0320_,11.2µm
_0378_,11.2µm
_0478_,11.2µm
_0564_,11.2µm
_0836_,11.2µm
_0846_,11.2µm
_0911_,11.2µm
_0914_,11.2µm
_0940_,11.2µm
_0950_,11.2µm
_1431_,11.2µm
_1521_,11.2µm
_1604_,11.2µm
_1641_,11.2µm
_1771_,11.2µm
_1791_,11.2µm
_1908_,11.2µm
_1923_,11.2µm
_1967_,11.2µm
_2066_,11.2µm
_2307_,11.2µm
_2344_,11.2µm
_2575_,11.2µm
_2863_,11.2µm
_2888_,11.2µm
_3369_,11.2µm
_3455_,11.2µm
_3496_,11.2µm
_3568_,11.2µm
_3798_,11.2µm
_3875_,11.2µm
core_uop_done,11.2µm
_3816_,11.07µm
_1165_,10.92µm
_1962_,10.79µm
_3241_,10.79µm
_0165_,10.74µm
_0181_,10.74µm
_0862_,10.74µm
_1178_,10.74µm
_1179_,10.74µm
_1815_,10.74µm
_1981_,10.74µm
_1984_,10.74µm
_2297_,10.74µm
_2428_,10.74µm
_2448_,10.74µm
_2453_,10.74µm
_2475_,10.74µm
_2483_,10.74µm
_2487_,10.74µm
_2641_,10.74µm
_2727_,10.74µm
_2818_,10.74µm
_3069_,10.74µm
_3820_,10.74µm
_3968_,10.74µm
_4068_,10.74µm
_4190_,10.74µm
_0082_,10.69µm
_0278_,10.69µm
_0347_,10.69µm
_0420_,10.69µm
_0430_,10.69µm
_0625_,10.69µm
_0719_,10.69µm
_0944_,10.69µm
_1020_,10.69µm
_1195_,10.69µm
_1547_,10.69µm
_1568_,10.69µm
_1674_,10.69µm
_1728_,10.69µm
_1888_,10.69µm
_1933_,10.69µm
_1991_,10.69µm
_2218_,10.69µm
_2278_,10.69µm
_2393_,10.69µm
_2545_,10.69µm
_2624_,10.69µm
_2817_,10.69µm
_2840_,10.69µm
_2901_,10.69µm
_3177_,10.69µm
_3286_,10.69µm
_3309_,10.69µm
_3422_,10.69µm
_3424_,10.69µm
_3432_,10.69µm
_3467_,10.69µm
_3480_,10.69µm
_3595_,10.69µm
_3643_,10.69µm
_3969_,10.69µm
_4133_,10.69µm
_0038_,10.64µm
_0172_,10.64µm
_0346_,10.64µm
_0500_,10.64µm
_0927_,10.64µm
_1056_,10.64µm
_1078_,10.64µm
_1142_,10.64µm
_1181_,10.64µm
_1300_,10.64µm
_1597_,10.64µm
_1694_,10.64µm
_1929_,10.64µm
_1951_,10.64µm
_2134_,10.64µm
_2180_,10.64µm
_2192_,10.64µm
_2292_,10.64µm
_2309_,10.64µm
_2367_,10.64µm
_2473_,10.64µm
_2634_,10.64µm
_2795_,10.64µm
_3283_,10.64µm
_3289_,10.64µm
_3353_,10.64µm
_3678_,10.64µm
_3948_,10.64µm
_4040_,10.64µm
_4046_,10.64µm
_4084_,10.64µm
_4114_,10.64µm
_0639_,10.36µm
net358,10.34µm
_0591_,10.28µm
_0713_,10.23µm
_0886_,10.23µm
_2400_,10.23µm
_4188_,10.23µm
_0242_,10.18µm
_0450_,10.18µm
_0462_,10.18µm
_0814_,10.18µm
_1149_,10.18µm
_1481_,10.18µm
_1678_,10.18µm
_1680_,10.18µm
_1862_,10.18µm
_2048_,10.18µm
_2206_,10.18µm
_2531_,10.18µm
_2806_,10.18µm
_3019_,10.18µm
_3146_,10.18µm
_3155_,10.18µm
_3785_,10.18µm
_0043_,10.13µm
_0120_,10.13µm
_0125_,10.13µm
_0216_,10.13µm
_0299_,10.13µm
_0406_,10.13µm
_0537_,10.13µm
_0624_,10.13µm
_0804_,10.13µm
_0864_,10.13µm
_0966_,10.13µm
_1345_,10.13µm
_1350_,10.13µm
_1464_,10.13µm
_1495_,10.13µm
_1509_,10.13µm
_1628_,10.13µm
_1957_,10.13µm
_2006_,10.13µm
_2035_,10.13µm
_2047_,10.13µm
_2315_,10.13µm
_2363_,10.13µm
_2417_,10.13µm
_2524_,10.13µm
_2598_,10.13µm
_2659_,10.13µm
_2752_,10.13µm
_2754_,10.13µm
_2759_,10.13µm
_2949_,10.13µm
_3053_,10.13µm
_3316_,10.13µm
_3387_,10.13µm
_3518_,10.13µm
_3520_,10.13µm
_3799_,10.13µm
_3978_,10.13µm
cmd_op_r\[1\],10.13µm
_0257_,10.08µm
_0312_,10.08µm
_0350_,10.08µm
_0422_,10.08µm
_0432_,10.08µm
_0630_,10.08µm
_0670_,10.08µm
_0715_,10.08µm
_0797_,10.08µm
_1019_,10.08µm
_1071_,10.08µm
_1323_,10.08µm
_1335_,10.08µm
_1425_,10.08µm
_1469_,10.08µm
_1549_,10.08µm
_1696_,10.08µm
_1757_,10.08µm
_1762_,10.08µm
_1795_,10.08µm
_1825_,10.08µm
_2355_,10.08µm
_2384_,10.08µm
_2385_,10.08µm
_2397_,10.08µm
_2404_,10.08µm
_2794_,10.08µm
_3006_,10.08µm
_3035_,10.08µm
_3149_,10.08µm
_3217_,10.08µm
_3299_,10.08µm
_3476_,10.08µm
_3805_,10.08µm
_4049_,10.08µm
din[0],9.99µm
din_ready_o,9.94µm
_0642_,9.67µm
_1046_,9.67µm
_1409_,9.67µm
_2197_,9.67µm
_3857_,9.67µm
_0277_,9.62µm
_0453_,9.62µm
_1329_,9.62µm
_1948_,9.62µm
_2386_,9.62µm
_2496_,9.62µm
_2502_,9.62µm
_2570_,9.62µm
_2597_,9.62µm
_2839_,9.62µm
_3321_,9.62µm
_3903_,9.62µm
_0023_,9.57µm
_0056_,9.57µm
_0096_,9.57µm
_0115_,9.57µm
_0474_,9.57µm
_0739_,9.57µm
_0928_,9.57µm
_0935_,9.57µm
_0942_,9.57µm
_1162_,9.57µm
_1269_,9.57µm
_1365_,9.57µm
_1417_,9.57µm
_1520_,9.57µm
_1938_,9.57µm
_2126_,9.57µm
_2188_,9.57µm
_2204_,9.57µm
_2226_,9.57µm
_2525_,9.57µm
_2595_,9.57µm
_2629_,9.57µm
_2732_,9.57µm
_2944_,9.57µm
_3013_,9.57µm
_3104_,9.57µm
_3490_,9.57µm
_4069_,9.57µm
_4144_,9.57µm
_0118_,9.52µm
_0318_,9.52µm
_0354_,9.52µm
_0455_,9.52µm
_0611_,9.52µm
_0729_,9.52µm
_0881_,9.52µm
_0919_,9.52µm
_0936_,9.52µm
_0971_,9.52µm
_1039_,9.52µm
_1076_,9.52µm
_1121_,9.52µm
_1489_,9.52µm
_1587_,9.52µm
_1672_,9.52µm
_1710_,9.52µm
_1719_,9.52µm
_1764_,9.52µm
_1877_,9.52µm
_1931_,9.52µm
_1941_,9.52µm
_2125_,9.52µm
_2144_,9.52µm
_2339_,9.52µm
_2518_,9.52µm
_2667_,9.52µm
_2778_,9.52µm
_3085_,9.52µm
_3355_,9.52µm
_3401_,9.52µm
_3642_,9.52µm
_2470_,9.11µm
_2655_,9.11µm
_2983_,9.11µm
_3713_,9.11µm
_1138_,9.06µm
_1150_,9.06µm
_1741_,9.06µm
_1827_,9.06µm
_2091_,9.06µm
_2195_,9.06µm
_2214_,9.06µm
_2388_,9.06µm
_2457_,9.06µm
_2639_,9.06µm
_2670_,9.06µm
_3032_,9.06µm
_3071_,9.06µm
_3084_,9.06µm
_3472_,9.06µm
_3530_,9.06µm
_3831_,9.06µm
_3926_,9.06µm
_4001_,9.06µm
_4091_,9.06µm
_4137_,9.06µm
net45,9.06µm
_0288_,9.01µm
_0460_,9.01µm
_0525_,9.01µm
_1087_,9.01µm
_1132_,9.01µm
_1326_,9.01µm
_1651_,9.01µm
_1729_,9.01µm
_1820_,9.01µm
_1925_,9.01µm
_1978_,9.01µm
_2083_,9.01µm
_2222_,9.01µm
_2280_,9.01µm
_2329_,9.01µm
_2375_,9.01µm
_2415_,9.01µm
_2696_,9.01µm
_2729_,9.01µm
_3114_,9.01µm
_3150_,9.01µm
_3646_,9.01µm
_3917_,9.01µm
_3955_,9.01µm
_4152_,9.01µm
net441,9.01µm
_0140_,8.96µm
_0243_,8.96µm
_0253_,8.96µm
_0258_,8.96µm
_0684_,8.96µm
_0809_,8.96µm
_1252_,8.96µm
_1647_,8.96µm
_1693_,8.96µm
_1733_,8.96µm
_1806_,8.96µm
_1901_,8.96µm
_1924_,8.96µm
_2299_,8.96µm
_2460_,8.96µm
_2512_,8.96µm
_2563_,8.96µm
_2656_,8.96µm
_2675_,8.96µm
_2824_,8.96µm
_3016_,8.96µm
_3176_,8.96µm
_3203_,8.96µm
_3306_,8.96µm
_3384_,8.96µm
_3435_,8.96µm
_3475_,8.96µm
_3523_,8.96µm
_3645_,8.96µm
_3876_,8.96µm
_3924_,8.96µm
_3929_,8.96µm
_3958_,8.96µm
din_valid_i,8.82µm
net356,8.71µm
_0635_,8.68µm
_2437_,8.55µm
_2802_,8.55µm
_2905_,8.55µm
_3288_,8.55µm
_0232_,8.5µm
_0377_,8.5µm
_0514_,8.5µm
_0757_,8.5µm
_1065_,8.5µm
_1296_,8.5µm
_1576_,8.5µm
_1713_,8.5µm
_1785_,8.5µm
_1946_,8.5µm
_2015_,8.5µm
_2052_,8.5µm
_2172_,8.5µm
_2302_,8.5µm
_2340_,8.5µm
_2366_,8.5µm
_2369_,8.5µm
_2450_,8.5µm
_2578_,8.5µm
_2605_,8.5µm
_2635_,8.5µm
_2868_,8.5µm
_2920_,8.5µm
_3028_,8.5µm
_3525_,8.5µm
_3985_,8.5µm
_0035_,8.45µm
_0146_,8.45µm
_0179_,8.45µm
_0190_,8.45µm
_0404_,8.45µm
_0416_,8.45µm
_0614_,8.45µm
_0820_,8.45µm
_0932_,8.45µm
_1594_,8.45µm
_1645_,8.45µm
_1695_,8.45µm
_1718_,8.45µm
_1824_,8.45µm
_1983_,8.45µm
_2212_,8.45µm
_2427_,8.45µm
_2466_,8.45µm
_2607_,8.45µm
_3015_,8.45µm
_3272_,8.45µm
_3347_,8.45µm
_3448_,8.45µm
_3933_,8.45µm
_0007_,8.4µm
_0067_,8.4µm
_0093_,8.4µm
_0126_,8.4µm
_0174_,8.4µm
_0198_,8.4µm
_0210_,8.4µm
_0272_,8.4µm
_0417_,8.4µm
_0440_,8.4µm
_0536_,8.4µm
_0540_,8.4µm
_0597_,8.4µm
_0706_,8.4µm
_0762_,8.4µm
_0786_,8.4µm
_1016_,8.4µm
_1018_,8.4µm
_1042_,8.4µm
_1106_,8.4µm
_1173_,8.4µm
_1201_,8.4µm
_1211_,8.4µm
_1257_,8.4µm
_1290_,8.4µm
_1515_,8.4µm
_1577_,8.4µm
_1707_,8.4µm
_1898_,8.4µm
_2004_,8.4µm
_2054_,8.4µm
_2216_,8.4µm
_2368_,8.4µm
_2443_,8.4µm
_2514_,8.4µm
_2646_,8.4µm
_2660_,8.4µm
_2698_,8.4µm
_2761_,8.4µm
_2871_,8.4µm
_2931_,8.4µm
_2972_,8.4µm
_3025_,8.4µm
_3129_,8.4µm
_3356_,8.4µm
_3442_,8.4µm
_3522_,8.4µm
_3532_,8.4µm
_3565_,8.4µm
_3573_,8.4µm
_3575_,8.4µm
_3589_,8.4µm
_3744_,8.4µm
_3794_,8.4µm
_3814_,8.4µm
_3951_,8.4µm
_4034_,8.4µm
_4059_,8.4µm
_4078_,8.4µm
_4158_,8.4µm
din[2],8.26µm
net351,8.1µm
net354,8.1µm
net355,8.1µm
_3117_,7.99µm
_0521_,7.94µm
_1200_,7.94µm
_2002_,7.94µm
_2118_,7.94µm
_2252_,7.94µm
_2585_,7.94µm
_2669_,7.94µm
_2743_,7.94µm
_3158_,7.94µm
_3868_,7.94µm
_3937_,7.94µm
_4180_,7.94µm
_0011_,7.89µm
_0091_,7.89µm
_0124_,7.89µm
_0186_,7.89µm
_0266_,7.89µm
_0273_,7.89µm
_0407_,7.89µm
_0802_,7.89µm
_1033_,7.89µm
_1324_,7.89µm
_1556_,7.89µm
_1584_,7.89µm
_1720_,7.89µm
_1880_,7.89µm
_1972_,7.89µm
_2018_,7.89µm
_2057_,7.89µm
_2124_,7.89µm
_2479_,7.89µm
_2559_,7.89µm
_2581_,7.89µm
_2718_,7.89µm
_2913_,7.89µm
_3334_,7.89µm
_3547_,7.89µm
_3634_,7.89µm
_3776_,7.89µm
_3839_,7.89µm
net62,7.89µm
_0036_,7.84µm
_0122_,7.84µm
_0137_,7.84µm
_0149_,7.84µm
_0152_,7.84µm
_0213_,7.84µm
_0228_,7.84µm
_0433_,7.84µm
_0448_,7.84µm
_0451_,7.84µm
_0640_,7.84µm
_0871_,7.84µm
_0898_,7.84µm
_0969_,7.84µm
_1008_,7.84µm
_1022_,7.84µm
_1040_,7.84µm
_1057_,7.84µm
_1097_,7.84µm
_1154_,7.84µm
_1351_,7.84µm
_1418_,7.84µm
_1444_,7.84µm
_1501_,7.84µm
_1590_,7.84µm
_1679_,7.84µm
_1766_,7.84µm
_1841_,7.84µm
_1866_,7.84µm
_1920_,7.84µm
_2021_,7.84µm
_2148_,7.84µm
_2235_,7.84µm
_2347_,7.84µm
_2387_,7.84µm
_2414_,7.84µm
_2422_,7.84µm
_2429_,7.84µm
_2478_,7.84µm
_2528_,7.84µm
_2661_,7.84µm
_2787_,7.84µm
_2894_,7.84µm
_2976_,7.84µm
_3036_,7.84µm
_3055_,7.84µm
_3081_,7.84µm
_3082_,7.84µm
_3095_,7.84µm
_3274_,7.84µm
_3303_,7.84µm
_3433_,7.84µm
_3443_,7.84µm
_3603_,7.84µm
_3609_,7.84µm
_3772_,7.84µm
_3780_,7.84µm
_3878_,7.84µm
_4042_,7.84µm
_4191_,7.84µm
din[3],7.8µm
din[4],7.8µm
din[5],7.8µm
din[7],7.8µm
rst_ni,7.8µm
scan_in_i,7.8µm
net357,7.54µm
net359,7.54µm
_1793_,7.43µm
_0495_,7.38µm
_0679_,7.38µm
_0837_,7.38µm
_1100_,7.38µm
_1817_,7.38µm
_1840_,7.38µm
_1890_,7.38µm
_2413_,7.38µm
_3179_,7.38µm
_3623_,7.38µm
_4032_,7.38µm
_4061_,7.38µm
_4134_,7.38µm
_0000_,7.33µm
_0163_,7.33µm
_0208_,7.33µm
_0245_,7.33µm
_0313_,7.33µm
_0522_,7.33µm
_0756_,7.33µm
_0812_,7.33µm
_0863_,7.33µm
_1183_,7.33µm
_1297_,7.33µm
_1312_,7.33µm
_1437_,7.33µm
_1558_,7.33µm
_1606_,7.33µm
_1734_,7.33µm
_1744_,7.33µm
_1773_,7.33µm
_1976_,7.33µm
_2036_,7.33µm
_2246_,7.33µm
_2305_,7.33µm
_2426_,7.33µm
_2628_,7.33µm
_2927_,7.33µm
_2975_,7.33µm
_3194_,7.33µm
_3259_,7.33µm
_3276_,7.33µm
_3280_,7.33µm
_3323_,7.33µm
_3425_,7.33µm
_3438_,7.33µm
_3451_,7.33µm
_3811_,7.33µm
_3819_,7.33µm
_3894_,7.33µm
_0027_,7.28µm
_0065_,7.28µm
_0072_,7.28µm
_0077_,7.28µm
_0087_,7.28µm
_0101_,7.28µm
_0107_,7.28µm
_0270_,7.28µm
_0310_,7.28µm
_0323_,7.28µm
_0351_,7.28µm
_0397_,7.28µm
_0418_,7.28µm
_0542_,7.28µm
_0567_,7.28µm
_0571_,7.28µm
_0592_,7.28µm
_0632_,7.28µm
_0690_,7.28µm
_0710_,7.28µm
_0884_,7.28µm
_0957_,7.28µm
_0978_,7.28µm
_0984_,7.28µm
_0990_,7.28µm
_1001_,7.28µm
_1160_,7.28µm
_1166_,7.28µm
_1215_,7.28µm
_1338_,7.28µm
_1638_,7.28µm
_1665_,7.28µm
_1667_,7.28µm
_1743_,7.28µm
_1787_,7.28µm
_1811_,7.28µm
_2076_,7.28µm
_2113_,7.28µm
_2164_,7.28µm
_2251_,7.28µm
_2382_,7.28µm
_2449_,7.28µm
_2456_,7.28µm
_2685_,7.28µm
_2731_,7.28µm
_2769_,7.28µm
_2773_,7.28µm
_2830_,7.28µm
_2862_,7.28µm
_2978_,7.28µm
_3196_,7.28µm
_3265_,7.28µm
_3377_,7.28µm
_3473_,7.28µm
_3539_,7.28µm
_3579_,7.28µm
_3768_,7.28µm
_3801_,7.28µm
_3885_,7.28µm
_3925_,7.28µm
_3931_,7.28µm
_3934_,7.28µm
_3979_,7.28µm
_4010_,7.28µm
_4070_,7.28µm
_4073_,7.28µm
_4128_,7.28µm
_4130_,7.28µm
_4146_,7.28µm
u_core.topi\[8\],7.28µm
u_sch.cnt\[3\],7.28µm
_0171_,7.05µm
_1737_,6.87µm
_0173_,6.82µm
_0201_,6.82µm
_0725_,6.82µm
_0777_,6.82µm
_0993_,6.82µm
_1068_,6.82µm
_1341_,6.82µm
_1359_,6.82µm
_1974_,6.82µm
_2200_,6.82µm
_2290_,6.82µm
_2325_,6.82µm
_2644_,6.82µm
_2954_,6.82µm
_3562_,6.82µm
_3779_,6.82µm
_3803_,6.82µm
_3841_,6.82µm
_4050_,6.82µm
_4135_,6.82µm
_0010_,6.77µm
_0019_,6.77µm
_0034_,6.77µm
_0049_,6.77µm
_0098_,6.77µm
_0108_,6.77µm
_0117_,6.77µm
_0291_,6.77µm
_0601_,6.77µm
_0947_,6.77µm
_1155_,6.77µm
_1303_,6.77µm
_1339_,6.77µm
_1450_,6.77µm
_1504_,6.77µm
_1632_,6.77µm
_1644_,6.77µm
_1692_,6.77µm
_1777_,6.77µm
_1965_,6.77µm
_1986_,6.77µm
_2023_,6.77µm
_2050_,6.77µm
_2361_,6.77µm
_2484_,6.77µm
_2589_,6.77µm
_2637_,6.77µm
_2832_,6.77µm
_2915_,6.77µm
_3275_,6.77µm
_3339_,6.77µm
_3346_,6.77µm
_3456_,6.77µm
_3535_,6.77µm
_3610_,6.77µm
_3659_,6.77µm
_3858_,6.77µm
_3971_,6.77µm
_0063_,6.72µm
_0097_,6.72µm
_0099_,6.72µm
_0127_,6.72µm
_0138_,6.72µm
_0185_,6.72µm
_0246_,6.72µm
_0341_,6.72µm
_0357_,6.72µm
_0393_,6.72µm
_0547_,6.72µm
_0548_,6.72µm
_0793_,6.72µm
_0885_,6.72µm
_0893_,6.72µm
_0926_,6.72µm
_1316_,6.72µm
_1400_,6.72µm
_1500_,6.72µm
_1505_,6.72µm
_1538_,6.72µm
_1548_,6.72µm
_1790_,6.72µm
_1794_,6.72µm
_1944_,6.72µm
_2132_,6.72µm
_2231_,6.72µm
_2274_,6.72µm
_2394_,6.72µm
_2463_,6.72µm
_2505_,6.72µm
_2521_,6.72µm
_2599_,6.72µm
_2730_,6.72µm
_2876_,6.72µm
_3022_,6.72µm
_3062_,6.72µm
_3087_,6.72µm
_3101_,6.72µm
_3115_,6.72µm
_3182_,6.72µm
_3206_,6.72µm
_3291_,6.72µm
_3453_,6.72µm
_3508_,6.72µm
_3509_,6.72µm
_3534_,6.72µm
_3555_,6.72µm
_3590_,6.72µm
_3601_,6.72µm
_3621_,6.72µm
_3650_,6.72µm
_3657_,6.72µm
_3745_,6.72µm
_4033_,6.72µm
_4079_,6.72µm
_4080_,6.72µm
net352,6.42µm
net353,6.42µm
_0383_,6.26µm
_0399_,6.26µm
_0498_,6.26µm
_0555_,6.26µm
_0662_,6.26µm
_0711_,6.26µm
_0800_,6.26µm
_1077_,6.26µm
_2465_,6.26µm
_2683_,6.26µm
_2707_,6.26µm
_2808_,6.26µm
_2828_,6.26µm
_2980_,6.26µm
_3284_,6.26µm
_3469_,6.26µm
_3920_,6.26µm
_3976_,6.26µm
_4086_,6.26µm
_4140_,6.26µm
_0060_,6.21µm
_0086_,6.21µm
_0090_,6.21µm
_0150_,6.21µm
_0285_,6.21µm
_0425_,6.21µm
_0487_,6.21µm
_0900_,6.21µm
_1140_,6.21µm
_1191_,6.21µm
_1508_,6.21µm
_2049_,6.21µm
_2312_,6.21µm
_2594_,6.21µm
_2689_,6.21µm
_2852_,6.21µm
_2866_,6.21µm
_3561_,6.21µm
_3620_,6.21µm
_3802_,6.21µm
_3921_,6.21µm
_4182_,6.21µm
_0018_,6.16µm
_0113_,6.16µm
_0135_,6.16µm
_0166_,6.16µm
_0229_,6.16µm
_0262_,6.16µm
_0381_,6.16µm
_0394_,6.16µm
_0680_,6.16µm
_1093_,6.16µm
_1799_,6.16µm
_1807_,6.16µm
_1891_,6.16µm
_1915_,6.16µm
_1998_,6.16µm
_2014_,6.16µm
_2075_,6.16µm
_2119_,6.16µm
_2178_,6.16µm
_2242_,6.16µm
_2365_,6.16µm
_2381_,6.16µm
_2447_,6.16µm
_2631_,6.16µm
_2654_,6.16µm
_2751_,6.16µm
_2838_,6.16µm
_2890_,6.16µm
_2910_,6.16µm
_2991_,6.16µm
_3152_,6.16µm
_3184_,6.16µm
_3252_,6.16µm
_3293_,6.16µm
_3383_,6.16µm
_3410_,6.16µm
_3457_,6.16µm
_3514_,6.16µm
_3524_,6.16µm
_3554_,6.16µm
_3580_,6.16µm
_3767_,6.16µm
_3895_,6.16µm
_3915_,6.16µm
_3916_,6.16µm
_3961_,6.16µm
_4098_,6.16µm
_4157_,6.16µm
din[1],6.02µm
_0764_,5.7µm
_0765_,5.7µm
_0873_,5.7µm
_0982_,5.7µm
_1105_,5.7µm
_1385_,5.7µm
_1459_,5.7µm
_1649_,5.7µm
_1730_,5.7µm
_1990_,5.7µm
_2440_,5.7µm
_2577_,5.7µm
_2648_,5.7µm
_2722_,5.7µm
_0051_,5.65µm
_0069_,5.65µm
_0079_,5.65µm
_0343_,5.65µm
_0349_,5.65µm
_0353_,5.65µm
_0401_,5.65µm
_0436_,5.65µm
_0459_,5.65µm
_0569_,5.65µm
_0612_,5.65µm
_0643_,5.65µm
_0688_,5.65µm
_0699_,5.65µm
_1086_,5.65µm
_1172_,5.65µm
_1939_,5.65µm
_1968_,5.65µm
_2007_,5.65µm
_2194_,5.65µm
_2697_,5.65µm
_2858_,5.65µm
_3188_,5.65µm
_3652_,5.65µm
_3769_,5.65µm
net434,5.65µm
_0025_,5.6µm
_0044_,5.6µm
_0109_,5.6µm
_0114_,5.6µm
_0142_,5.6µm
_0143_,5.6µm
_0155_,5.6µm
_0233_,5.6µm
_0520_,5.6µm
_0535_,5.6µm
_0744_,5.6µm
_0755_,5.6µm
_0994_,5.6µm
_1085_,5.6µm
_1209_,5.6µm
_1630_,5.6µm
_1977_,5.6µm
_1999_,5.6µm
_2028_,5.6µm
_2147_,5.6µm
_2210_,5.6µm
_2364_,5.6µm
_2600_,5.6µm
_2693_,5.6µm
_2789_,5.6µm
_2873_,5.6µm
_2916_,5.6µm
_2940_,5.6µm
_3003_,5.6µm
_3079_,5.6µm
_3250_,5.6µm
_3256_,5.6µm
_3682_,5.6µm
_3709_,5.6µm
_3918_,5.6µm
_4053_,5.6µm
_4057_,5.6µm
_4085_,5.6µm
_4162_,5.6µm
_4186_,5.6µm
_2298_,5.32µm
_1856_,5.19µm
_1141_,5.14µm
_1443_,5.14µm
_1486_,5.14µm
_1779_,5.14µm
_1802_,5.14µm
_1947_,5.14µm
_2389_,5.14µm
_2735_,5.14µm
_2886_,5.14µm
_2898_,5.14µm
_3232_,5.14µm
_3439_,5.14µm
_3471_,5.14µm
_3501_,5.14µm
_3606_,5.14µm
_3729_,5.14µm
_3788_,5.14µm
_0013_,5.09µm
_0030_,5.09µm
_0157_,5.09µm
_1013_,5.09µm
_1051_,5.09µm
_1745_,5.09µm
_1750_,5.09µm
_1955_,5.09µm
_2454_,5.09µm
_2520_,5.09µm
_2593_,5.09µm
_2666_,5.09µm
_2716_,5.09µm
_2982_,5.09µm
_3835_,5.09µm
_3922_,5.09µm
_3942_,5.09µm
_0039_,5.04µm
_0054_,5.04µm
_0088_,5.04µm
_0128_,5.04µm
_0147_,5.04µm
_0156_,5.04µm
_0376_,5.04µm
_0530_,5.04µm
_0609_,5.04µm
_0685_,5.04µm
_0736_,5.04µm
_0747_,5.04µm
_0817_,5.04µm
_0834_,5.04µm
_0891_,5.04µm
_1067_,5.04µm
_1103_,5.04µm
_1128_,5.04µm
_1216_,5.04µm
_1526_,5.04µm
_1532_,5.04µm
_1716_,5.04µm
_1738_,5.04µm
_1917_,5.04µm
_2160_,5.04µm
_2263_,5.04µm
_2412_,5.04µm
_2419_,5.04µm
_2485_,5.04µm
_2592_,5.04µm
_2596_,5.04µm
_2841_,5.04µm
_2967_,5.04µm
_3063_,5.04µm
_3080_,5.04µm
_3290_,5.04µm
_3300_,5.04µm
_3404_,5.04µm
_3454_,5.04µm
_3462_,5.04µm
_3497_,5.04µm
_3600_,5.04µm
_3649_,5.04µm
_3789_,5.04µm
_3843_,5.04µm
_3940_,5.04µm
_4056_,5.04µm
_4131_,5.04µm
net15,5.04µm
_0224_,4.63µm
_0167_,4.58µm
_0182_,4.58µm
_0309_,4.58µm
_0368_,4.58µm
_0759_,4.58µm
_0782_,4.58µm
_0857_,4.58µm
_1081_,4.58µm
_1092_,4.58µm
_1371_,4.58µm
_1493_,4.58µm
_1714_,4.58µm
_2016_,4.58µm
_2268_,4.58µm
_2390_,4.58µm
_3578_,4.58µm
_3765_,4.58µm
_0154_,4.53µm
_1346_,4.53µm
_1676_,4.53µm
_1979_,4.53µm
_2013_,4.53µm
_2469_,4.53µm
_2582_,4.53µm
_2619_,4.53µm
_2620_,4.53µm
_3292_,4.53µm
_3311_,4.53µm
_3359_,4.53µm
_3807_,4.53µm
_4168_,4.53µm
_0020_,4.48µm
_0040_,4.48µm
_0047_,4.48µm
_0085_,4.48µm
_0089_,4.48µm
_0092_,4.48µm
_0100_,4.48µm
_0132_,4.48µm
_0133_,4.48µm
_0188_,4.48µm
_0301_,4.48µm
_0452_,4.48µm
_0492_,4.48µm
_0581_,4.48µm
_0593_,4.48µm
_0660_,4.48µm
_0826_,4.48µm
_0843_,4.48µm
_0858_,4.48µm
_0917_,4.48µm
_1144_,4.48µm
_1153_,4.48µm
_1238_,4.48µm
_1440_,4.48µm
_1595_,4.48µm
_1635_,4.48µm
_1669_,4.48µm
_1677_,4.48µm
_1812_,4.48µm
_1826_,4.48µm
_1899_,4.48µm
_1916_,4.48µm
_2143_,4.48µm
_2173_,4.48µm
_2187_,4.48µm
_2221_,4.48µm
_2260_,4.48µm
_2306_,4.48µm
_2398_,4.48µm
_2406_,4.48µm
_2418_,4.48µm
_2602_,4.48µm
_2614_,4.48µm
_2768_,4.48µm
_2775_,4.48µm
_2805_,4.48µm
_2810_,4.48µm
_2844_,4.48µm
_2937_,4.48µm
_3106_,4.48µm
_3180_,4.48µm
_3209_,4.48µm
_3211_,4.48µm
_3318_,4.48µm
_3558_,4.48µm
_3675_,4.48µm
_3724_,4.48µm
_3777_,4.48µm
_3836_,4.48µm
_3840_,4.48µm
_3950_,4.48µm
_3952_,4.48µm
_3986_,4.48µm
_4031_,4.48µm
_4076_,4.48µm
_4115_,4.48µm
_4166_,4.48µm
u_core.topr\[8\],4.48µm
_0241_,4.07µm
_0194_,4.02µm
_0727_,4.02µm
_0798_,4.02µm
_1527_,4.02µm
_1560_,4.02µm
_1659_,4.02µm
_1732_,4.02µm
_1758_,4.02µm
_1803_,4.02µm
_1906_,4.02µm
_1930_,4.02µm
_1961_,4.02µm
_2301_,4.02µm
_2314_,4.02µm
_2444_,4.02µm
_2511_,4.02µm
_2535_,4.02µm
_3121_,4.02µm
_3614_,4.02µm
_3654_,4.02µm
_0716_,3.97µm
_1517_,3.97µm
_2902_,3.97µm
_0008_,3.92µm
_0032_,3.92µm
_0046_,3.92µm
_0050_,3.92µm
_0081_,3.92µm
_0110_,3.92µm
_0141_,3.92µm
_0144_,3.92µm
_0145_,3.92µm
_0161_,3.92µm
_0170_,3.92µm
_0331_,3.92µm
_0388_,3.92µm
_0413_,3.92µm
_0447_,3.92µm
_0527_,3.92µm
_0604_,3.92µm
_0878_,3.92µm
_0967_,3.92µm
_0976_,3.92µm
_1054_,3.92µm
_1156_,3.92µm
_1232_,3.92µm
_1304_,3.92µm
_1333_,3.92µm
_1446_,3.92µm
_1491_,3.92µm
_1494_,3.92µm
_1712_,3.92µm
_1776_,3.92µm
_1953_,3.92µm
_1960_,3.92µm
_2027_,3.92µm
_2129_,3.92µm
_2166_,3.92µm
_2169_,3.92µm
_2224_,3.92µm
_2237_,3.92µm
_2498_,3.92µm
_2591_,3.92µm
_2613_,3.92µm
_2690_,3.92µm
_2691_,3.92µm
_2726_,3.92µm
_2861_,3.92µm
_2877_,3.92µm
_2923_,3.92µm
_2968_,3.92µm
_3060_,3.92µm
_3111_,3.92µm
_3122_,3.92µm
_3163_,3.92µm
_3295_,3.92µm
_3512_,3.92µm
_3577_,3.92µm
_3602_,3.92µm
_3629_,3.92µm
_3669_,3.92µm
_3677_,3.92µm
_3773_,3.92µm
_3930_,3.92µm
_3932_,3.92µm
_4036_,3.92µm
_4095_,3.92µm
net360,3.92µm
_0386_,3.46µm
_0412_,3.46µm
_1658_,3.46µm
_1740_,3.46µm
_1839_,3.46µm
_1878_,3.46µm
_2081_,3.46µm
_2334_,3.46µm
_2864_,3.46µm
_3511_,3.46µm
_3536_,3.46µm
_3636_,3.46µm
_3668_,3.46µm
_3800_,3.46µm
_3830_,3.46µm
_3977_,3.46µm
_4112_,3.46µm
_4149_,3.46µm
_0231_,3.41µm
_0806_,3.41µm
_0861_,3.41µm
_2665_,3.41µm
_4074_,3.41µm
_0014_,3.36µm
_0028_,3.36µm
_0033_,3.36µm
_0048_,3.36µm
_0052_,3.36µm
_0061_,3.36µm
_0062_,3.36µm
_0066_,3.36µm
_0076_,3.36µm
_0078_,3.36µm
_0103_,3.36µm
_0176_,3.36µm
_0193_,3.36µm
_0252_,3.36µm
_0284_,3.36µm
_0286_,3.36µm
_0511_,3.36µm
_0566_,3.36µm
_0629_,3.36µm
_0659_,3.36µm
_0733_,3.36µm
_0734_,3.36µm
_0754_,3.36µm
_0805_,3.36µm
_0829_,3.36µm
_0889_,3.36µm
_1003_,3.36µm
_1119_,3.36µm
_1122_,3.36µm
_1226_,3.36µm
_1321_,3.36µm
_1337_,3.36µm
_1348_,3.36µm
_1355_,3.36µm
_1367_,3.36µm
_1429_,3.36µm
_1456_,3.36µm
_1499_,3.36µm
_1634_,3.36µm
_1703_,3.36µm
_1782_,3.36µm
_1832_,3.36µm
_1834_,3.36µm
_1865_,3.36µm
_1912_,3.36µm
_1936_,3.36µm
_1954_,3.36µm
_1992_,3.36µm
_2041_,3.36µm
_2106_,3.36µm
_2121_,3.36µm
_2165_,3.36µm
_2171_,3.36µm
_2190_,3.36µm
_2232_,3.36µm
_2321_,3.36µm
_2462_,3.36µm
_2765_,3.36µm
_2801_,3.36µm
_2837_,3.36µm
_2951_,3.36µm
_2977_,3.36µm
_2990_,3.36µm
_3086_,3.36µm
_3157_,3.36µm
_3354_,3.36µm
_3362_,3.36µm
_3364_,3.36µm
_3397_,3.36µm
_3466_,3.36µm
_3489_,3.36µm
_3533_,3.36µm
_3540_,3.36µm
_3548_,3.36µm
_3557_,3.36µm
_3574_,3.36µm
_3647_,3.36µm
_3667_,3.36µm
_3781_,3.36µm
_3906_,3.36µm
_3943_,3.36µm
_3973_,3.36µm
_4125_,3.36µm
net439,3.36µm
_0227_,2.9µm
_0774_,2.9µm
_1158_,2.9µm
_2093_,2.9µm
_2391_,2.9µm
_2476_,2.9µm
_2495_,2.9µm
_2568_,2.9µm
_2882_,2.9µm
_3641_,2.9µm
_2547_,2.85µm
_3965_,2.85µm
_0029_,2.8µm
_0031_,2.8µm
_0037_,2.8µm
_0070_,2.8µm
_0080_,2.8µm
_0083_,2.8µm
_0131_,2.8µm
_0139_,2.8µm
_0153_,2.8µm
_0222_,2.8µm
_0255_,2.8µm
_0267_,2.8µm
_0268_,2.8µm
_0297_,2.8µm
_0359_,2.8µm
_0438_,2.8µm
_0489_,2.8µm
_0494_,2.8µm
_0546_,2.8µm
_0590_,2.8µm
_0603_,2.8µm
_0696_,2.8µm
_0807_,2.8µm
_0842_,2.8µm
_0844_,2.8µm
_0934_,2.8µm
_0953_,2.8µm
_0964_,2.8µm
_1012_,2.8µm
_1070_,2.8µm
_1134_,2.8µm
_1186_,2.8µm
_1188_,2.8µm
_1202_,2.8µm
_1302_,2.8µm
_1331_,2.8µm
_1557_,2.8µm
_1586_,2.8µm
_1736_,2.8µm
_1748_,2.8µm
_1765_,2.8µm
_1769_,2.8µm
_1993_,2.8µm
_2034_,2.8µm
_2063_,2.8µm
_2095_,2.8µm
_2247_,2.8µm
_2291_,2.8µm
_2409_,2.8µm
_2434_,2.8µm
_2550_,2.8µm
_2744_,2.8µm
_2836_,2.8µm
_2845_,2.8µm
_2848_,2.8µm
_2855_,2.8µm
_2856_,2.8µm
_2904_,2.8µm
_3051_,2.8µm
_3091_,2.8µm
_3189_,2.8µm
_3200_,2.8µm
_3298_,2.8µm
_3340_,2.8µm
_3461_,2.8µm
_3478_,2.8µm
_3503_,2.8µm
_3552_,2.8µm
_3560_,2.8µm
_3566_,2.8µm
_3569_,2.8µm
_3570_,2.8µm
_3572_,2.8µm
_3587_,2.8µm
_3592_,2.8µm
_3612_,2.8µm
_3639_,2.8µm
_3688_,2.8µm
_3827_,2.8µm
_3833_,2.8µm
_3842_,2.8µm
_3946_,2.8µm
_4011_,2.8µm
_4021_,2.8µm
_4122_,2.8µm
_4175_,2.8µm
_4184_,2.8µm
_1342_,2.34µm
_1937_,2.34µm
_2117_,2.34µm
_2446_,2.34µm
_4147_,2.29µm
_0187_,2.24µm
_0221_,2.24µm
_0332_,2.24µm
_0366_,2.24µm
_0426_,2.24µm
_0673_,2.24µm
_0877_,2.24µm
_0962_,2.24µm
_1036_,2.24µm
_1352_,2.24µm
_1502_,2.24µm
_1503_,2.24µm
_1523_,2.24µm
_1542_,2.24µm
_1656_,2.24µm
_1671_,2.24µm
_1770_,2.24µm
_1876_,2.24µm
_2085_,2.24µm
_2211_,2.24µm
_2225_,2.24µm
_2293_,2.24µm
_2458_,2.24µm
_2464_,2.24µm
_2499_,2.24µm
_2580_,2.24µm
_2652_,2.24µm
_2653_,2.24µm
_2816_,2.24µm
_2893_,2.24µm
_2965_,2.24µm
_3090_,2.24µm
_3094_,2.24µm
_3882_,2.24µm
_3936_,2.24µm
_4039_,2.24µm
_4047_,2.24µm
_4101_,2.24µm
_4109_,2.24µm
_4183_,2.24µm
_2379_,1.78µm
_2609_,1.78µm
_2663_,1.78µm
_0543_,1.68µm
_0771_,1.68µm
_0791_,1.68µm
_0822_,1.68µm
_0958_,1.68µm
_0973_,1.68µm
_1038_,1.68µm
_1075_,1.68µm
_1084_,1.68µm
_1336_,1.68µm
_1753_,1.68µm
_1809_,1.68µm
_1988_,1.68µm
_1995_,1.68µm
_2031_,1.68µm
_2112_,1.68µm
_2175_,1.68µm
_2193_,1.68µm
_2332_,1.68µm
_2515_,1.68µm
_2638_,1.68µm
_2676_,1.68µm
_3556_,1.68µm
_3586_,1.68µm
_3626_,1.68µm
_3664_,1.68µm
_3913_,1.68µm
_4103_,1.68µm
_2326_,1.22µm
_3484_,1.22µm
_0616_,1.12µm
_0620_,1.12µm
_0720_,1.12µm
_0752_,1.12µm
_1328_,1.12µm
_2522_,1.12µm
_2579_,1.12µm
_3208_,1.12µm
_3962_,1.12µm
